-- phpMyAdmin SQL Dump
-- version 4.0.10deb1
-- http://www.phpmyadmin.net
--
-- 主机: localhost
-- 生成日期: 2015-08-16 17:05:03
-- 服务器版本: 5.5.43-0ubuntu0.14.04.1
-- PHP 版本: 5.5.9-1ubuntu4.9

SET SQL_MODE = "NO_AUTO_VALUE_ON_ZERO";
SET time_zone = "+00:00";


/*!40101 SET @OLD_CHARACTER_SET_CLIENT=@@CHARACTER_SET_CLIENT */;
/*!40101 SET @OLD_CHARACTER_SET_RESULTS=@@CHARACTER_SET_RESULTS */;
/*!40101 SET @OLD_COLLATION_CONNECTION=@@COLLATION_CONNECTION */;
/*!40101 SET NAMES utf8 */;

--
-- 数据库: `artservice`
--

-- --------------------------------------------------------

--
-- 表的结构 `t_admin`
--

CREATE TABLE IF NOT EXISTS `t_admin` (
  `id` int(11) NOT NULL AUTO_INCREMENT,
  `name` varchar(255) DEFAULT NULL,
  `pwd` varchar(255) DEFAULT NULL,
  `createtime` datetime DEFAULT NULL,
  `authkey` varchar(255) DEFAULT NULL,
  PRIMARY KEY (`id`)
) ENGINE=InnoDB  DEFAULT CHARSET=utf8 AUTO_INCREMENT=2 ;

--
-- 转存表中的数据 `t_admin`
--

INSERT INTO `t_admin` (`id`, `name`, `pwd`, `createtime`, `authkey`) VALUES
(1, 'admin', '5ac945a316e5b6a0e0fb08ab21a0b2c0', '2015-04-13 16:08:10', '880ABD98B02E111DABE9579B1C74F979');

-- --------------------------------------------------------

--
-- 表的结构 `t_apistatus`
--

CREATE TABLE IF NOT EXISTS `t_apistatus` (
  `id` int(11) NOT NULL AUTO_INCREMENT,
  `apiName` varchar(255) DEFAULT NULL,
  `allCallCnt` int(11) DEFAULT NULL,
  `failCallCnt` int(11) DEFAULT NULL,
  `successCallCnt` int(11) DEFAULT NULL,
  `minTimeCost` int(11) DEFAULT NULL,
  `maxTimeCost` int(11) DEFAULT NULL,
  `averageTimeCost` int(11) DEFAULT NULL,
  `allTimeCost` bigint(20) DEFAULT NULL,
  PRIMARY KEY (`id`)
) ENGINE=InnoDB  DEFAULT CHARSET=utf8 AUTO_INCREMENT=1375033 ;

--
-- 转存表中的数据 `t_apistatus`
--

INSERT INTO `t_apistatus` (`id`, `apiName`, `allCallCnt`, `failCallCnt`, `successCallCnt`, `minTimeCost`, `maxTimeCost`, `averageTimeCost`, `allTimeCost`) VALUES
(1374947, '/trade/getTreaty', 9, 0, 9, 4, 69, 12, 112),
(1374948, '/other/adminLogin', 84, 0, 84, 11, 998, 65, 5478),
(1374949, '/comment/markValid', 12, 0, 12, 56, 84, 65, 787),
(1374950, '/banner/addTradeBanner', 12, 0, 12, 36, 95, 77, 935),
(1374951, '/banner/delBanner', 34, 0, 34, 1, 73, 40, 1382),
(1374952, '/trade/getAllTrades', 323, 0, 323, 3, 36, 9, 3046),
(1374953, '/art/addShare', 15, 0, 15, 65, 110, 84, 1264),
(1374954, '/user/getInfo', 2354, 4, 2350, 9, 111, 17, 40688),
(1374955, '/art/addClick', 1946, 0, 1946, 30, 935192, 562, 1093902),
(1374956, '/art/delArt', 3, 0, 3, 76, 87, 82, 248),
(1374957, '/video/editVideo', 7, 0, 7, 44, 84, 60, 423),
(1374958, '/page/addShare', 27, 0, 27, 45, 201, 63, 1713),
(1374959, '/banner/getHomeBanner', 3984, 0, 3984, 1, 116, 3, 13123),
(1374960, '/comment/getReplies', 508587, 2, 508585, 8, 931420, 102, 52226659),
(1374961, '/other/addSuggest', 33, 0, 33, 42, 62, 37, 1249),
(1374962, '/art/getGroups', 2, 0, 2, 4, 4, 4, 8),
(1374963, '/video/getVideoInfo', 2200, 0, 2200, 3, 38, 9, 20672),
(1374964, '/art/addGroup', 16, 0, 16, 81, 238, 69, 1105),
(1374965, '/sms/sendCode', 183, 0, 183, 3, 25033, 493, 90389),
(1374966, '/trade/getMyTrades', 2, 0, 2, 24, 31, 27, 55),
(1374967, '/follow/isFollow', 15688, 673, 15015, 2, 81, 5, 79721),
(1374968, '/rank/topCertifyUser', 3722, 0, 3722, 7, 64, 18, 68103),
(1374969, '/user/doLogin', 4470, 0, 4470, 29, 665, 56, 252143),
(1374970, '/trade/addTrade', 134, 0, 134, 150, 206, 121, 16347),
(1374971, '/art/addArt', 20, 0, 20, 54, 76, 66, 1324),
(1374972, '/other/adminLogout', 30, 0, 30, 2, 189, 32, 977),
(1374973, '/video/getVideos', 7716, 0, 7716, 1, 384, 10, 84018),
(1374974, '/art/getArtTypes', 2143, 0, 2143, 1, 276, 5, 12564),
(1374975, '/favor/addFavor', 1035, 0, 1035, 10, 216, 67, 69656),
(1374976, '/user/getAllUsers', 603, 0, 603, 17, 336, 33, 20015),
(1374977, '/comment/unReadCnt', 32964, 0, 32964, 16, 935629, 96, 3166837),
(1374978, '/art/delGroup', 3, 0, 3, 45, 53, 49, 147),
(1374979, '/comment/delComment', 18, 0, 18, 10, 75, 49, 895),
(1374980, '/other/getSuggests', 84, 0, 84, 1, 76, 7, 635),
(1374981, '/art/delArtImg', 5, 0, 5, 38, 52, 43, 218),
(1374982, '/video/delVideo', 10, 0, 10, 47, 64, 53, 534),
(1374983, '/rank/topComment', 3090, 2, 3088, 25, 252, 56, 175837),
(1374984, '/video/addShare', 118, 6, 112, 44, 943386, 8480, 949791),
(1374985, '/art/getUserArtGroup', 1819, 0, 1819, 46, 263, 52, 95033),
(1374986, '/user/regUser', 65, 0, 65, 12, 939766, 14486, 941621),
(1374987, '/art/addArtImg', 20, 0, 20, 65, 161, 85, 1708),
(1374988, '/trade/editTrade', 44, 0, 44, 106, 143, 122, 5396),
(1374989, '/follow/addFollow', 1509, 39, 1470, 10, 320, 52, 76723),
(1374990, '/other/artSearch', 896, 0, 896, 61, 683, 75, 67575),
(1374991, '/follow/delFollow', 875, 0, 875, 9, 179, 58, 51272),
(1374992, '/page/addClick', 570, 0, 570, 4, 631, 56, 32091),
(1374993, '/comment/addComment', 1420, 74, 1346, 95, 173, 59, 80160),
(1374994, '/user/certify', 16, 0, 16, 52, 63, 49, 792),
(1374995, '/comment/getWork', 13, 10, 3, 25, 26, 25, 76),
(1374996, '/page/delPage', 8, 0, 8, 35, 62, 49, 393),
(1374997, '/art/editArt', 45, 0, 45, 79, 122, 96, 4332),
(1374998, '/page/getPageInfo', 2139, 32, 2107, 2, 21, 7, 15351),
(1374999, '/user/isUserExist', 146, 0, 146, 19, 214, 27, 3979),
(1375000, '/user/changePhone', 1, 0, 1, 83, 83, 83, 83),
(1375001, '/banner/getTradeBanner', 343, 0, 343, 1, 18, 3, 1222),
(1375002, '/art/getGroup', 264, 0, 264, 1, 24, 4, 1299),
(1375003, '/banner/editBanner', 5, 0, 5, 49, 55, 52, 260),
(1375004, '/sms/verifyCode', 45, 0, 45, 2, 61, 17, 805),
(1375005, '/comment/getComments', 6026, 0, 6026, 3, 152, 24, 147490),
(1375006, '/page/addPage', 6, 0, 6, 52, 99, 67, 403),
(1375007, '/video/addVideoing', 11, 0, 11, 52, 263, 60, 666),
(1375008, '/rank/topClick', 2686, 2, 2684, 24, 121, 52, 141402),
(1375009, '/favor/delFavor', 603, 0, 603, 9, 176, 65, 39207),
(1375010, '/user/changePwd', 82, 0, 82, 12, 130, 28, 2348),
(1375011, '/user/changeName', 89, 0, 89, 10, 140, 64, 5705),
(1375012, '/video/addVideo', 13, 0, 13, 49, 136, 72, 937),
(1375013, '/comment/getAllComments', 272, 0, 272, 1, 84, 30, 8314),
(1375014, '/video/addClick', 1841, 3, 1838, 33, 667, 55, 101152),
(1375015, '/user/doLogout', 640, 0, 640, 11, 931262, 1516, 970659),
(1375016, '/user/updateInfo', 229, 0, 229, 1, 111, 57, 13219),
(1375017, '/banner/addHomeBanner', 26, 0, 26, 16, 84, 47, 1238),
(1375018, '/favor/isFavor', 9343, 0, 9343, 1, 73, 4, 42725),
(1375019, '/art/getArtInfo', 1775, 0, 1775, 26, 560, 41, 73550),
(1375020, '/art/getArtList', 1304, 0, 1304, 46, 931, 85, 111379),
(1375021, '/trade/editTreaty', 3, 0, 3, 47, 70, 61, 185),
(1375022, '/other/getShareUrl', 271, 0, 271, 0, 1, 0, 39),
(1375023, '/user/getCertifyTypes', 12, 0, 12, 2, 9, 4, 59),
(1375024, '/comment/markRead', 2755, 0, 2755, 20, 216, 59, 164912),
(1375025, '/banner/getBannerById', 50, 0, 50, 2, 15, 3, 171),
(1375026, '/follow/getFollowList', 264, 0, 264, 11, 266, 101, 26740),
(1375027, '/other/search', 1215, 0, 1215, 48, 742, 85, 104444),
(1375028, '/page/editPage', 25, 0, 25, 59, 93, 73, 1826),
(1375029, '/trade/getTradeInfo', 7, 0, 7, 6, 7, 6, 46),
(1375030, '/page/getPages', 1393, 0, 1393, 8, 117, 20, 28038),
(1375031, '/favor/getFavors', 535, 256, 279, 19, 294, 82, 23093),
(1375032, '/user/resetPwd', 10, 0, 10, 1, 85, 61, 613);

-- --------------------------------------------------------

--
-- 表的结构 `t_art`
--

CREATE TABLE IF NOT EXISTS `t_art` (
  `id` int(11) NOT NULL AUTO_INCREMENT,
  `typeid` int(11) DEFAULT NULL,
  `title` varchar(255) DEFAULT NULL,
  `userid` int(11) DEFAULT NULL,
  `content` text,
  `createtime` datetime DEFAULT NULL,
  `click` int(11) DEFAULT NULL,
  `share` int(11) NOT NULL DEFAULT '0',
  `tradestate` int(11) DEFAULT '0',
  `tradedes` text COMMENT '交易信息',
  `groupid` int(11) DEFAULT NULL,
  PRIMARY KEY (`id`),
  KEY `share` (`share`),
  KEY `share_2` (`share`)
) ENGINE=InnoDB  DEFAULT CHARSET=utf8 AUTO_INCREMENT=239 ;

--
-- 转存表中的数据 `t_art`
--

INSERT INTO `t_art` (`id`, `typeid`, `title`, `userid`, `content`, `createtime`, `click`, `share`, `tradestate`, `tradedes`, `groupid`) VALUES
(5, 1, '邱光平油画作品01', 706, '邱光平把绘画、装置、雕塑、影像、行为等视觉形态与展览场地的空间结构有机地调配、组合，将乌托邦追求的“普遍正义”以及人们长久以来对“天堂”的梦想置于充满复杂性与冲突性现场空间中来质疑与叩问，使观众在身体与视觉的流转中，开启关于人的精神归宿、生命的终极价值思考的闸门。', '2015-05-16 13:36:40', 9, 1, 0, '', 0),
(6, 1, '邱光平油画作品02', 102, '邱光平从马系列的架上绘画到以“天堂”为主题的这个展览，可以说是他一次起承转合的视觉艺术实验，更是一次蜕变与超越的精神之旅。这些年来，邱光平不仅是一个以勤勉与活跃而蜚声画坛的青年艺术家，更重要的是他以敏锐的心灵、激昂的激情和深刻的人文关怀，使之成为一个不合时流，却又最具前卫性的视觉文化的建构者和文化视觉化的沉思者。', '2015-05-16 13:37:28', 0, 0, 0, '', NULL),
(7, 2, '乐林书法作品01', 201, '暂无内容介绍', '2015-05-16 13:45:33', 0, 0, 0, '', NULL),
(8, 2, '乐林书法作品02', 201, '暂无内容介绍', '2015-05-16 13:45:43', 0, 0, 0, '', NULL),
(9, 2, '曹操诗', 202, '暂无简介', '2015-05-16 13:54:48', 0, 0, 0, '', NULL),
(10, 2, '李商隐诗', 202, '暂无简介', '2015-05-16 13:55:15', 0, 0, 0, '', NULL),
(11, 3, '温原兴篆刻作品01', 301, '暂无简介', '2015-05-16 14:00:09', 0, 0, 0, '', NULL),
(12, 3, '温原兴篆刻作品02', 301, '暂无简介', '2015-05-16 14:00:59', 1, 0, 0, '', 0),
(13, 3, '温原兴篆刻作品03', 301, '暂无简介', '2015-05-16 14:02:25', 0, 0, 0, '', NULL),
(14, 3, '陈楚篆刻作品01', 302, '陈楚先生的篆刻在他的艺术中可算是奇葩独放，他的金石，篆刻从历代金石家中，广取养分，从秦汉印中寻觅天地，并融入自己的独立思维，痛快淋漓的刀法，分珠布白的章法，遒劲俊丽的线条，古朴流动的变化，方寸天地艺术给人以耳目一新的感觉。', '2015-05-16 14:06:01', 8, 0, 0, '', 0),
(15, 3, '陈楚篆刻作品02', 302, '陈楚先生先后已为中国老一辈革命家、中央领导人、科学家、省市领导人、著名书画家、收藏家、部队首长、企业家以及日本、加拿大、泰国、美国、韩国、新加坡、澳大利亚、台湾、香港、澳门等友人治印近万方，其篆刻艺术收录在西泠印社出版的“中国印学年鉴”“中国篆刻大辞典”中国印谱，以及中国文联出版的“天下第一录”里面。', '2015-05-16 14:06:41', 1, 0, 0, '', 0),
(16, 4, '天下谁人不识君', 401, '暂无简介', '2015-05-16 14:12:50', 0, 0, 0, '', NULL),
(17, 4, '母子图s', 401, '暂无简介', '2015-05-16 14:13:29', 6, 1, 0, '', 0),
(18, 4, '秋天地况味s', 402, '画家曾师从工笔画家朱佩君女士。后入四川美术学院中国画研究生班进修，受冯建吴、李文信教授指导。主要从事中国画创作，其工笔花鸟画尤有特色。曾在80年代后期的中国画界产生影响。近年来以工笔与写意、花鸟与山水兼容的风格，作品多次参加国内外重要画展及学术邀请展。', '2015-05-16 14:16:25', 6, 0, 0, '', 0),
(19, 5, '收租院s', 501, '暂无简介', '2015-05-16 14:44:27', 2, 0, 0, '', 0),
(20, 5, '西天取经s', 501, '暂无简介', '2015-05-16 14:44:58', 0, 0, 0, '', NULL),
(21, 5, '肖像马三立s', 502, '暂无简介', '2015-05-16 14:47:48', 0, 0, 2, '', 0),
(22, 5, '初雪', 502, '暂无简介', '2015-05-16 14:48:19', 2, 0, 0, '', 0),
(23, 6, '泛泛之辈', 601, '暂无简介', '2015-05-16 14:59:04', 0, 0, 0, '', NULL),
(24, 6, 'SayGoodbyeI', 601, '暂无简介', '2015-05-16 14:59:30', 0, 0, 0, '', NULL),
(25, 6, '白头到老I', 601, '暂无简介', '2015-05-16 15:00:10', 2, 0, 0, '', 0),
(26, 6, '冉珏版画作品01', 602, '暂无简介', '2015-05-16 15:01:34', 0, 0, 0, '', NULL),
(27, 6, '冉珏版画作品02', 602, '暂无简介', '2015-05-16 15:04:05', 0, 0, 0, '', NULL),
(31, 1, '油画作品测试1s', 701, '无', '2015-05-16 16:20:17', 19, 0, 0, '', 1),
(32, 1, '油画作品测试2', 702, '无', '2015-05-16 16:21:08', 2, 0, 1, '一百大洋', 0),
(33, 1, '油画作品测试3', 703, '无', '2015-05-16 16:21:34', 0, 0, 1, '一千大洋', NULL),
(34, 1, '油画作品测试4', 701, '无', '2015-05-16 16:21:46', 20, 0, 0, '', 1),
(35, 1, '油画作品测试5', 704, '无', '2015-05-16 16:21:57', 1, 0, 1, '五百大洋', 0),
(36, 1, '油画作品测试6', 701, '无', '2015-05-16 16:22:15', 9, 0, 0, '', 1),
(37, 1, '油画作品测试7', 701, '无', '2015-05-16 16:22:29', 5, 0, 0, '', 1),
(38, 1, '油画作品测试8', 701, '无', '2015-05-16 16:22:46', 10, 0, 0, '', 1),
(39, 1, '油画作品测试9s', 701, '无', '2015-05-16 16:23:26', 12, 0, 0, '', 1),
(40, 1, '油画作品测试10', 705, 'no', '2015-05-16 16:23:39', 0, 0, 1, '10000', NULL),
(41, 1, '油画作品测试11', 701, 'no', '2015-05-16 16:23:49', 48, 0, 0, '', 3),
(42, 1, '油画作品测试12', 706, 'no', '2015-05-16 16:24:03', 1, 0, 1, '1', 0),
(43, 1, '油画作品测试13', 701, 'no', '2015-05-16 16:24:12', 70, 0, 0, '', 3),
(44, 1, '油画作品测试14', 701, 'no', '2015-05-16 16:25:18', 33, 0, 0, '', 2),
(45, 1, '油画作品测试15', 701, 'no', '2015-05-16 16:25:42', 21, 0, 0, '', 2),
(46, 1, '油画作品测试16', 701, 'no', '2015-05-16 16:25:52', 10, 0, 0, '', 2),
(47, 1, '油画作品测试17', 701, 'no', '2015-05-16 16:26:05', 0, 0, 0, '', NULL),
(48, 1, '油画作品测试18', 701, 'fweaf', '2015-05-16 16:26:19', 0, 0, 0, '', NULL),
(49, 1, '油画作品测试19', 701, 'wgwag', '2015-05-16 16:26:33', 0, 0, 0, '', NULL),
(50, 1, '油画作品测试20', 701, 'fweef', '2015-05-16 16:26:41', 0, 0, 0, '', NULL),
(51, 1, '油画作品测试21', 701, 'fewafq', '2015-05-16 16:26:57', 0, 0, 0, '', NULL),
(52, 1, '油画作品测试22', 701, 'fweaf', '2015-05-16 16:27:12', 0, 0, 0, '', NULL),
(53, 1, '油画作品测试23s', 701, 'fwagefweaf', '2015-05-16 16:28:22', 0, 0, 0, '', NULL),
(54, 1, '油画作品测试24', 701, 'testfewaf', '2015-05-16 16:28:47', 0, 0, 0, '', NULL),
(56, 1, '油画测试作品1', 701, '好多钱', '2015-05-17 13:56:12', 1, 0, 1, '很珍贵', 0),
(57, 1, '油画测试作品2', 702, '评价不错', '2015-05-17 13:58:21', 1, 0, 2, '1000', 0),
(58, 1, '油画测试作品3', 703, '以一个现代人的眼光审视熟悉的山石溪流 ，令画面自然地透出一种源于中国传统艺术的风格特征和深沉内涵。他的作品中有机而自然地运用了中国画散点透视的空间观念，注重以“线”结构画面，细细如丝，富于动感，饱含情绪。这种绘画感觉既保持了特殊的油画自身的特征，又与中国传统造型的典型程序与原理相结合，表现出他在中西融合方面的可贵与大胆探索', '2015-05-17 13:59:39', 2, 0, 2, '111', 0),
(59, 1, '油画测试作品4', 704, '以一个现代人的眼光审视熟悉的山石溪流 ，令画面自然地透出一种源于中国传统艺术的风格特征和深沉内涵。他的作品中有机而自然地运用了中国画散点透视的空间观念，注重以“线”结构画面，细细如丝，富于动感，饱含情绪。这种绘画感觉既保持了特殊的油画自身的特征，又与中国传统造型的典型程序与原理相结合，表现出他在中西融合方面的可贵与大胆探索', '2015-05-17 14:01:30', 1, 0, 2, '2222', 0),
(60, 1, '油画测试作品5s', 705, '以一个现代人的眼光审视熟悉的山石溪流 ，令画面自然地透出一种源于中国传统艺术的风格特征和深沉内涵。他的作品中有机而自然地运用了中国画散点透视的空间观念，注重以“线”结构画面，细细如丝，富于动感，饱含情绪。这种绘画感觉既保持了特殊的油画自身的特征，又与中国传统造型的典型程序与原理相结合，表现出他在中西融合方面的可贵与大胆探索', '2015-05-17 14:01:48', 18, 0, 2, '3333', 0),
(61, 1, '油画测试作品6', 706, '以一个现代人的眼光审视熟悉的山石溪流 ，令画面自然地透出一种源于中国传统艺术的风格特征和深沉内涵。他的作品中有机而自然地运用了中国画散点透视的空间观念，注重以“线”结构画面，细细如丝，富于动感，饱含情绪。这种绘画感觉既保持了特殊的油画自身的特征，又与中国传统造型的典型程序与原理相结合，表现出他在中西融合方面的可贵与大胆探索', '2015-05-17 14:02:11', 15, 0, 2, '1111', 0),
(62, 1, '生命壹号的', 701, '哈哈哈，以一个现代人的眼光审视熟悉的山石溪流 ，令画面自然地透出一种源于中国传统艺术的风格特征和深沉内涵。他的作品中有机而自然地运用了中国画散点透视的空间观念，注重以“线”结构画面，细细如丝，富于动感，饱含情绪。这种绘画感觉既保持了特殊的油画自身的特征，又与中国传统造型的典型程序与原理相结合，表现出他在中西融合方面的可贵与大胆探索', '2015-05-17 14:02:29', 428, 2, 2, '4455', 0),
(63, 1, '油画测试作品1', 701, '好多钱', '2015-05-17 13:56:12', 0, 0, 2, '很珍贵', 0),
(64, 1, '油画测试作品2', 702, '评价不错', '2015-05-17 13:58:21', 3, 0, 2, '1000', 0),
(65, 1, '油画测试作品3', 703, '以一个现代人的眼光审视熟悉的山石溪流 ，令画面自然地透出一种源于中国传统艺术的风格特征和深沉内涵。他的作品中有机而自然地运用了中国画散点透视的空间观念，注重以“线”结构画面，细细如丝，富于动感，饱含情绪。这种绘画感觉既保持了特殊的油画自身的特征，又与中国传统造型的典型程序与原理相结合，表现出他在中西融合方面的可贵与大胆探索', '2015-05-17 13:59:39', 20, 0, 2, '111', 0),
(66, 1, '油画测试作品4', 704, '以一个现代人的眼光审视熟悉的山石溪流 ，令画面自然地透出一种源于中国传统艺术的风格特征和深沉内涵。他的作品中有机而自然地运用了中国画散点透视的空间观念，注重以“线”结构画面，细细如丝，富于动感，饱含情绪。这种绘画感觉既保持了特殊的油画自身的特征，又与中国传统造型的典型程序与原理相结合，表现出他在中西融合方面的可贵与大胆探索', '2015-05-17 14:01:30', 1, 0, 0, '2222', 0),
(67, 1, '油画测试作品5s', 705, '以一个现代人的眼光审视熟悉的山石溪流 ，令画面自然地透出一种源于中国传统艺术的风格特征和深沉内涵。他的作品中有机而自然地运用了中国画散点透视的空间观念，注重以“线”结构画面，细细如丝，富于动感，饱含情绪。这种绘画感觉既保持了特殊的油画自身的特征，又与中国传统造型的典型程序与原理相结合，表现出他在中西融合方面的可贵与大胆探索', '2015-05-17 14:01:48', 30, 0, 2, '3333', 0),
(68, 1, '油画测试作品6', 706, '以一个现代人的眼光审视熟悉的山石溪流 ，令画面自然地透出一种源于中国传统艺术的风格特征和深沉内涵。他的作品中有机而自然地运用了中国画散点透视的空间观念，注重以“线”结构画面，细细如丝，富于动感，饱含情绪。这种绘画感觉既保持了特殊的油画自身的特征，又与中国传统造型的典型程序与原理相结合，表现出他在中西融合方面的可贵与大胆探索', '2015-05-17 14:02:11', 3, 0, 2, '1111', 0),
(69, 1, '油画测试作品7', 707, '哈哈哈，以一个现代人的眼光审视熟悉的山石溪流 ，令画面自然地透出一种源于中国传统艺术的风格特征和深沉内涵。他的作品中有机而自然地运用了中国画散点透视的空间观念，注重以“线”结构画面，细细如丝，富于动感，饱含情绪。这种绘画感觉既保持了特殊的油画自身的特征，又与中国传统造型的典型程序与原理相结合，表现出他在中西融合方面的可贵与大胆探索', '2015-05-17 14:02:29', 104, 1, 2, '4455', 0),
(70, 1, '油画测试作品1', 701, '好多钱', '2015-05-17 13:56:12', 0, 0, 1, '很珍贵', NULL),
(71, 1, '油画测试作品2', 702, '评价不错', '2015-05-17 13:58:21', 4, 0, 2, '1000', 0),
(72, 1, '油画测试作品3', 703, '以一个现代人的眼光审视熟悉的山石溪流 ，令画面自然地透出一种源于中国传统艺术的风格特征和深沉内涵。他的作品中有机而自然地运用了中国画散点透视的空间观念，注重以“线”结构画面，细细如丝，富于动感，饱含情绪。这种绘画感觉既保持了特殊的油画自身的特征，又与中国传统造型的典型程序与原理相结合，表现出他在中西融合方面的可贵与大胆探索', '2015-05-17 13:59:39', 3, 0, 2, '111', 0),
(73, 1, '油画测试作品4', 704, '以一个现代人的眼光审视熟悉的山石溪流 ，令画面自然地透出一种源于中国传统艺术的风格特征和深沉内涵。他的作品中有机而自然地运用了中国画散点透视的空间观念，注重以“线”结构画面，细细如丝，富于动感，饱含情绪。这种绘画感觉既保持了特殊的油画自身的特征，又与中国传统造型的典型程序与原理相结合，表现出他在中西融合方面的可贵与大胆探索', '2015-05-17 14:01:30', 1, 0, 0, '2222', 0),
(74, 1, '油画测试作品5s', 705, '以一个现代人的眼光审视熟悉的山石溪流 ，令画面自然地透出一种源于中国传统艺术的风格特征和深沉内涵。他的作品中有机而自然地运用了中国画散点透视的空间观念，注重以“线”结构画面，细细如丝，富于动感，饱含情绪。这种绘画感觉既保持了特殊的油画自身的特征，又与中国传统造型的典型程序与原理相结合，表现出他在中西融合方面的可贵与大胆探索', '2015-05-17 14:01:48', 2, 0, 2, '3333', 0),
(75, 1, '油画测试作品6', 706, '以一个现代人的眼光审视熟悉的山石溪流 ，令画面自然地透出一种源于中国传统艺术的风格特征和深沉内涵。他的作品中有机而自然地运用了中国画散点透视的空间观念，注重以“线”结构画面，细细如丝，富于动感，饱含情绪。这种绘画感觉既保持了特殊的油画自身的特征，又与中国传统造型的典型程序与原理相结合，表现出他在中西融合方面的可贵与大胆探索', '2015-05-17 14:02:11', 2, 0, 2, '1111', 0),
(76, 1, '油画测试作品7', 707, '以一个现代人的眼光审视熟悉的山石溪流 ，令画面自然地透出一种源于中国传统艺术的风格特征和深沉内涵。他的作品中有机而自然地运用了中国画散点透视的空间观念，注重以“线”结构画面，细细如丝，富于动感，饱含情绪。这种绘画感觉既保持了特殊的油画自身的特征，又与中国传统造型的典型程序与原理相结合，表现出他在中西融合方面的可贵与大胆探索', '2015-05-17 14:02:29', 49, 0, 2, '4455', 0),
(77, 1, '油画测试作品1', 701, '好多钱', '2015-05-17 13:56:12', 0, 0, 1, '很珍贵', NULL),
(78, 1, '油画测试作品2', 702, '评价不错', '2015-05-17 13:58:21', 2, 0, 1, '1000', 0),
(79, 1, '油画测试作品3', 703, '以一个现代人的眼光审视熟悉的山石溪流 ，令画面自然地透出一种源于中国传统艺术的风格特征和深沉内涵。他的作品中有机而自然地运用了中国画散点透视的空间观念，注重以“线”结构画面，细细如丝，富于动感，饱含情绪。这种绘画感觉既保持了特殊的油画自身的特征，又与中国传统造型的典型程序与原理相结合，表现出他在中西融合方面的可贵与大胆探索', '2015-05-17 13:59:39', 19, 0, 1, '111', 0),
(80, 1, '油画测试作品4', 704, '以一个现代人的眼光审视熟悉的山石溪流 ，令画面自然地透出一种源于中国传统艺术的风格特征和深沉内涵。他的作品中有机而自然地运用了中国画散点透视的空间观念，注重以“线”结构画面，细细如丝，富于动感，饱含情绪。这种绘画感觉既保持了特殊的油画自身的特征，又与中国传统造型的典型程序与原理相结合，表现出他在中西融合方面的可贵与大胆探索', '2015-05-17 14:01:30', 1, 0, 2, '2222', 0),
(81, 1, '油画测试作品5s', 705, '以一个现代人的眼光审视熟悉的山石溪流 ，令画面自然地透出一种源于中国传统艺术的风格特征和深沉内涵。他的作品中有机而自然地运用了中国画散点透视的空间观念，注重以“线”结构画面，细细如丝，富于动感，饱含情绪。这种绘画感觉既保持了特殊的油画自身的特征，又与中国传统造型的典型程序与原理相结合，表现出他在中西融合方面的可贵与大胆探索', '2015-05-17 14:01:48', 1, 0, 2, '3333', 0),
(82, 1, '油画测试作品6', 706, '以一个现代人的眼光审视熟悉的山石溪流 ，令画面自然地透出一种源于中国传统艺术的风格特征和深沉内涵。他的作品中有机而自然地运用了中国画散点透视的空间观念，注重以“线”结构画面，细细如丝，富于动感，饱含情绪。这种绘画感觉既保持了特殊的油画自身的特征，又与中国传统造型的典型程序与原理相结合，表现出他在中西融合方面的可贵与大胆探索', '2015-05-17 14:02:11', 0, 0, 2, '1111', 0),
(83, 1, '油画测试作品7', 707, '以一个现代人的眼光审视熟悉的山石溪流 ，令画面自然地透出一种源于中国传统艺术的风格特征和深沉内涵。他的作品中有机而自然地运用了中国画散点透视的空间观念，注重以“线”结构画面，细细如丝，富于动感，饱含情绪。这种绘画感觉既保持了特殊的油画自身的特征，又与中国传统造型的典型程序与原理相结合，表现出他在中西融合方面的可贵与大胆探索', '2015-05-17 14:02:29', 11, 0, 2, '4455', 0),
(84, 1, '油画测试作品1', 701, '好多钱', '2015-05-17 13:56:12', 0, 0, 1, '很珍贵', NULL),
(85, 1, '油画测试作品2', 702, '评价不错', '2015-05-17 13:58:21', 1, 0, 1, '1000', 0),
(86, 1, '油画测试作品3', 703, '以一个现代人的眼光审视熟悉的山石溪流 ，令画面自然地透出一种源于中国传统艺术的风格特征和深沉内涵。他的作品中有机而自然地运用了中国画散点透视的空间观念，注重以“线”结构画面，细细如丝，富于动感，饱含情绪。这种绘画感觉既保持了特殊的油画自身的特征，又与中国传统造型的典型程序与原理相结合，表现出他在中西融合方面的可贵与大胆探索', '2015-05-17 13:59:39', 5, 0, 1, '111', 0),
(87, 1, '油画测试作品4', 704, '以一个现代人的眼光审视熟悉的山石溪流 ，令画面自然地透出一种源于中国传统艺术的风格特征和深沉内涵。他的作品中有机而自然地运用了中国画散点透视的空间观念，注重以“线”结构画面，细细如丝，富于动感，饱含情绪。这种绘画感觉既保持了特殊的油画自身的特征，又与中国传统造型的典型程序与原理相结合，表现出他在中西融合方面的可贵与大胆探索', '2015-05-17 14:01:30', 1, 0, 2, '2222', 0),
(88, 1, '油画测试作品5s', 705, '以一个现代人的眼光审视熟悉的山石溪流 ，令画面自然地透出一种源于中国传统艺术的风格特征和深沉内涵。他的作品中有机而自然地运用了中国画散点透视的空间观念，注重以“线”结构画面，细细如丝，富于动感，饱含情绪。这种绘画感觉既保持了特殊的油画自身的特征，又与中国传统造型的典型程序与原理相结合，表现出他在中西融合方面的可贵与大胆探索', '2015-05-17 14:01:48', 1, 0, 2, '3333', 0),
(89, 1, '油画测试作品6', 706, '以一个现代人的眼光审视熟悉的山石溪流 ，令画面自然地透出一种源于中国传统艺术的风格特征和深沉内涵。他的作品中有机而自然地运用了中国画散点透视的空间观念，注重以“线”结构画面，细细如丝，富于动感，饱含情绪。这种绘画感觉既保持了特殊的油画自身的特征，又与中国传统造型的典型程序与原理相结合，表现出他在中西融合方面的可贵与大胆探索', '2015-05-17 14:02:11', 4, 0, 2, '1111', 0),
(90, 1, '油画测试作品7', 707, '以一个现代人的眼光审视熟悉的山石溪流 ，令画面自然地透出一种源于中国传统艺术的风格特征和深沉内涵。他的作品中有机而自然地运用了中国画散点透视的空间观念，注重以“线”结构画面，细细如丝，富于动感，饱含情绪。这种绘画感觉既保持了特殊的油画自身的特征，又与中国传统造型的典型程序与原理相结合，表现出他在中西融合方面的可贵与大胆探索', '2015-05-17 14:02:29', 6, 0, 2, '4455', 0),
(91, 1, '油画测试作品1', 701, '好多钱', '2015-05-17 13:56:12', 1, 0, 1, '很珍贵', 0),
(92, 1, '油画测试作品2', 702, '评价不错', '2015-05-17 13:58:21', 0, 0, 1, '1000', NULL),
(93, 1, '油画测试作品3', 703, '以一个现代人的眼光审视熟悉的山石溪流 ，令画面自然地透出一种源于中国传统艺术的风格特征和深沉内涵。他的作品中有机而自然地运用了中国画散点透视的空间观念，注重以“线”结构画面，细细如丝，富于动感，饱含情绪。这种绘画感觉既保持了特殊的油画自身的特征，又与中国传统造型的典型程序与原理相结合，表现出他在中西融合方面的可贵与大胆探索', '2015-05-17 13:59:39', 6, 0, 1, '111', 0),
(94, 1, '油画测试作品4', 704, '以一个现代人的眼光审视熟悉的山石溪流 ，令画面自然地透出一种源于中国传统艺术的风格特征和深沉内涵。他的作品中有机而自然地运用了中国画散点透视的空间观念，注重以“线”结构画面，细细如丝，富于动感，饱含情绪。这种绘画感觉既保持了特殊的油画自身的特征，又与中国传统造型的典型程序与原理相结合，表现出他在中西融合方面的可贵与大胆探索', '2015-05-17 14:01:30', 41, 3, 1, '2222', 0),
(95, 1, '油画测试作品5', 705, '以一个现代人的眼光审视熟悉的山石溪流 ，令画面自然地透出一种源于中国传统艺术的风格特征和深沉内涵。他的作品中有机而自然地运用了中国画散点透视的空间观念，注重以“线”结构画面，细细如丝，富于动感，饱含情绪。这种绘画感觉既保持了特殊的油画自身的特征，又与中国传统造型的典型程序与原理相结合，表现出他在中西融合方面的可贵与大胆探索', '2015-05-17 14:01:48', 1, 0, 2, '3333', 0),
(96, 1, '油画测试作品6', 706, '以一个现代人的眼光审视熟悉的山石溪流 ，令画面自然地透出一种源于中国传统艺术的风格特征和深沉内涵。他的作品中有机而自然地运用了中国画散点透视的空间观念，注重以“线”结构画面，细细如丝，富于动感，饱含情绪。这种绘画感觉既保持了特殊的油画自身的特征，又与中国传统造型的典型程序与原理相结合，表现出他在中西融合方面的可贵与大胆探索', '2015-05-17 14:02:11', 4, 0, 2, '1111', 0),
(97, 1, '油画测试作品7', 707, '以一个现代人的眼光审视熟悉的山石溪流 ，令画面自然地透出一种源于中国传统艺术的风格特征和深沉内涵。他的作品中有机而自然地运用了中国画散点透视的空间观念，注重以“线”结构画面，细细如丝，富于动感，饱含情绪。这种绘画感觉既保持了特殊的油画自身的特征，又与中国传统造型的典型程序与原理相结合，表现出他在中西融合方面的可贵与大胆探索', '2015-05-17 14:02:29', 3, 0, 2, '4455', 0),
(98, 1, '油画测试作品1', 701, '好多钱', '2015-05-17 13:56:12', 0, 0, 1, '很珍贵', NULL),
(99, 1, '油画测试作品2', 702, '评价不错', '2015-05-17 13:58:21', 0, 0, 1, '1000', NULL),
(100, 1, '油画测试作品3', 703, '以一个现代人的眼光审视熟悉的山石溪流 ，令画面自然地透出一种源于中国传统艺术的风格特征和深沉内涵。他的作品中有机而自然地运用了中国画散点透视的空间观念，注重以“线”结构画面，细细如丝，富于动感，饱含情绪。这种绘画感觉既保持了特殊的油画自身的特征，又与中国传统造型的典型程序与原理相结合，表现出他在中西融合方面的可贵与大胆探索', '2015-05-17 13:59:39', 2, 0, 2, '111', 0),
(101, 1, '油画测试作品4', 704, '以一个现代人的眼光审视熟悉的山石溪流 ，令画面自然地透出一种源于中国传统艺术的风格特征和深沉内涵。他的作品中有机而自然地运用了中国画散点透视的空间观念，注重以“线”结构画面，细细如丝，富于动感，饱含情绪。这种绘画感觉既保持了特殊的油画自身的特征，又与中国传统造型的典型程序与原理相结合，表现出他在中西融合方面的可贵与大胆探索', '2015-05-17 14:01:30', 2, 0, 2, '2222', 0),
(102, 1, '油画测试作品5', 705, '以一个现代人的眼光审视熟悉的山石溪流 ，令画面自然地透出一种源于中国传统艺术的风格特征和深沉内涵。他的作品中有机而自然地运用了中国画散点透视的空间观念，注重以“线”结构画面，细细如丝，富于动感，饱含情绪。这种绘画感觉既保持了特殊的油画自身的特征，又与中国传统造型的典型程序与原理相结合，表现出他在中西融合方面的可贵与大胆探索', '2015-05-17 14:01:48', 1, 0, 2, '3333', 0),
(103, 1, '油画测试作品6', 706, '以一个现代人的眼光审视熟悉的山石溪流 ，令画面自然地透出一种源于中国传统艺术的风格特征和深沉内涵。他的作品中有机而自然地运用了中国画散点透视的空间观念，注重以“线”结构画面，细细如丝，富于动感，饱含情绪。这种绘画感觉既保持了特殊的油画自身的特征，又与中国传统造型的典型程序与原理相结合，表现出他在中西融合方面的可贵与大胆探索', '2015-05-17 14:02:11', 11, 0, 2, '1111', 0),
(104, 1, '油画测试作品7', 707, '以一个现代人的眼光审视熟悉的山石溪流 ，令画面自然地透出一种源于中国传统艺术的风格特征和深沉内涵。他的作品中有机而自然地运用了中国画散点透视的空间观念，注重以“线”结构画面，细细如丝，富于动感，饱含情绪。这种绘画感觉既保持了特殊的油画自身的特征，又与中国传统造型的典型程序与原理相结合，表现出他在中西融合方面的可贵与大胆探索', '2015-05-17 14:02:29', 1, 0, 2, '4455', 0),
(105, 1, '油画测试作品1', 701, '好多钱', '2015-05-17 13:56:12', 0, 0, 1, '很珍贵', NULL),
(106, 1, '油画测试作品2', 702, '评价不错', '2015-05-17 13:58:21', 0, 0, 1, '1000', NULL),
(107, 1, '油画测试作品3', 703, '以一个现代人的眼光审视熟悉的山石溪流 ，令画面自然地透出一种源于中国传统艺术的风格特征和深沉内涵。他的作品中有机而自然地运用了中国画散点透视的空间观念，注重以“线”结构画面，细细如丝，富于动感，饱含情绪。这种绘画感觉既保持了特殊的油画自身的特征，又与中国传统造型的典型程序与原理相结合，表现出他在中西融合方面的可贵与大胆探索', '2015-05-17 13:59:39', 3, 0, 1, '111', 0),
(108, 1, '油画测试作品4', 704, '以一个现代人的眼光审视熟悉的山石溪流 ，令画面自然地透出一种源于中国传统艺术的风格特征和深沉内涵。他的作品中有机而自然地运用了中国画散点透视的空间观念，注重以“线”结构画面，细细如丝，富于动感，饱含情绪。这种绘画感觉既保持了特殊的油画自身的特征，又与中国传统造型的典型程序与原理相结合，表现出他在中西融合方面的可贵与大胆探索', '2015-05-17 14:01:30', 19, 0, 2, '2222', 0),
(109, 1, '油画测试作品5', 705, '以一个现代人的眼光审视熟悉的山石溪流 ，令画面自然地透出一种源于中国传统艺术的风格特征和深沉内涵。他的作品中有机而自然地运用了中国画散点透视的空间观念，注重以“线”结构画面，细细如丝，富于动感，饱含情绪。这种绘画感觉既保持了特殊的油画自身的特征，又与中国传统造型的典型程序与原理相结合，表现出他在中西融合方面的可贵与大胆探索', '2015-05-17 14:01:48', 1, 0, 0, '3333', 0),
(110, 1, '油画测试作品6', 706, '以一个现代人的眼光审视熟悉的山石溪流 ，令画面自然地透出一种源于中国传统艺术的风格特征和深沉内涵。他的作品中有机而自然地运用了中国画散点透视的空间观念，注重以“线”结构画面，细细如丝，富于动感，饱含情绪。这种绘画感觉既保持了特殊的油画自身的特征，又与中国传统造型的典型程序与原理相结合，表现出他在中西融合方面的可贵与大胆探索', '2015-05-17 14:02:11', 6, 0, 2, '1111', 0),
(111, 1, '油画测试作品7', 707, '以一个现代人的眼光审视熟悉的山石溪流 ，令画面自然地透出一种源于中国传统艺术的风格特征和深沉内涵。他的作品中有机而自然地运用了中国画散点透视的空间观念，注重以“线”结构画面，细细如丝，富于动感，饱含情绪。这种绘画感觉既保持了特殊的油画自身的特征，又与中国传统造型的典型程序与原理相结合，表现出他在中西融合方面的可贵与大胆探索', '2015-05-17 14:02:29', 0, 0, 2, '4455', 0),
(112, 2, '书法测试作品1', 701, '好多钱', '2015-05-17 14:02:29', 28, 0, 2, '4455', 0),
(113, 2, '书法测试作品2', 702, '评价不错', '2015-05-17 14:02:29', 22, 0, 2, '4455', 0),
(115, 2, '书法测试作品4', 704, '以一个现代人的眼光审视熟悉的山石溪流 ，令画面自然地透出一种源于中国传统艺术的风格特征和深沉内涵。他的作品中有机而自然地运用了中国画散点透视的空间观念，注重以“线”结构画面，细细如丝，富于动感，饱含情绪。这种绘画感觉既保持了特殊的油画自身的特征，又与中国传统造型的典型程序与原理相结合，表现出他在中西融合方面的可贵与大胆探索', '2015-05-17 14:01:30', 0, 0, 1, '2222', NULL),
(116, 2, '书法测试作品5', 705, '以一个现代人的眼光审视熟悉的山石溪流 ，令画面自然地透出一种源于中国传统艺术的风格特征和深沉内涵。他的作品中有机而自然地运用了中国画散点透视的空间观念，注重以“线”结构画面，细细如丝，富于动感，饱含情绪。这种绘画感觉既保持了特殊的油画自身的特征，又与中国传统造型的典型程序与原理相结合，表现出他在中西融合方面的可贵与大胆探索', '2015-05-17 14:01:48', 1, 0, 1, '3333', 0),
(117, 2, '书法测试作品6', 706, '以一个现代人的眼光审视熟悉的山石溪流 ，令画面自然地透出一种源于中国传统艺术的风格特征和深沉内涵。他的作品中有机而自然地运用了中国画散点透视的空间观念，注重以“线”结构画面，细细如丝，富于动感，饱含情绪。这种绘画感觉既保持了特殊的油画自身的特征，又与中国传统造型的典型程序与原理相结合，表现出他在中西融合方面的可贵与大胆探索', '2015-05-17 14:02:11', 1, 0, 2, '1111', 0),
(118, 2, '书法测试作品7', 707, '以一个现代人的眼光审视熟悉的山石溪流 ，令画面自然地透出一种源于中国传统艺术的风格特征和深沉内涵。他的作品中有机而自然地运用了中国画散点透视的空间观念，注重以“线”结构画面，细细如丝，富于动感，饱含情绪。这种绘画感觉既保持了特殊的油画自身的特征，又与中国传统造型的典型程序与原理相结合，表现出他在中西融合方面的可贵与大胆探索', '2015-05-17 14:02:29', 16, 0, 1, '4455', 0),
(119, 3, '篆刻测试作品1', 701, '以一个现代人的眼光审视熟悉的山石溪流 ，令画面自然地透出一种源于中国传统艺术的风格特征和深沉内涵。他的作品中有机而自然地运用了中国画散点透视的空间观念，注重以“线”结构画面，细细如丝，富于动感，饱含情绪。这种绘画感觉既保持了特殊的油画自身的特征，又与中国传统造型的典型程序与原理相结合，表现出他在中西融合方面的可贵与大胆探索', '2015-05-17 14:02:29', 8, 1, 1, '4455', 0),
(120, 3, '篆刻测试作品2', 702, '以一个现代人的眼光审视熟悉的山石溪流 ，令画面自然地透出一种源于中国传统艺术的风格特征和深沉内涵。他的作品中有机而自然地运用了中国画散点透视的空间观念，注重以“线”结构画面，细细如丝，富于动感，饱含情绪。这种绘画感觉既保持了特殊的油画自身的特征，又与中国传统造型的典型程序与原理相结合，表现出他在中西融合方面的可贵与大胆探索', '2015-05-17 14:02:29', 5, 0, 1, '4455', 0),
(121, 3, '篆刻测试作品3', 703, '以一个现代人的眼光审视熟悉的山石溪流 ，令画面自然地透出一种源于中国传统艺术的风格特征和深沉内涵。他的作品中有机而自然地运用了中国画散点透视的空间观念，注重以“线”结构画面，细细如丝，富于动感，饱含情绪。这种绘画感觉既保持了特殊的油画自身的特征，又与中国传统造型的典型程序与原理相结合，表现出他在中西融合方面的可贵与大胆探索', '2015-05-17 13:59:39', 6, 0, 1, '111', 0),
(122, 3, '篆刻测试作品4', 704, '以一个现代人的眼光审视熟悉的山石溪流 ，令画面自然地透出一种源于中国传统艺术的风格特征和深沉内涵。他的作品中有机而自然地运用了中国画散点透视的空间观念，注重以“线”结构画面，细细如丝，富于动感，饱含情绪。这种绘画感觉既保持了特殊的油画自身的特征，又与中国传统造型的典型程序与原理相结合，表现出他在中西融合方面的可贵与大胆探索', '2015-05-17 14:01:30', 3, 0, 1, '2222', 0),
(123, 3, '篆刻测试作品5', 705, '以一个现代人的眼光审视熟悉的山石溪流 ，令画面自然地透出一种源于中国传统艺术的风格特征和深沉内涵。他的作品中有机而自然地运用了中国画散点透视的空间观念，注重以“线”结构画面，细细如丝，富于动感，饱含情绪。这种绘画感觉既保持了特殊的油画自身的特征，又与中国传统造型的典型程序与原理相结合，表现出他在中西融合方面的可贵与大胆探索', '2015-05-17 14:01:48', 17, 0, 1, '3333', 0),
(124, 3, '篆刻测试作品6', 706, '以一个现代人的眼光审视熟悉的山石溪流 ，令画面自然地透出一种源于中国传统艺术的风格特征和深沉内涵。他的作品中有机而自然地运用了中国画散点透视的空间观念，注重以“线”结构画面，细细如丝，富于动感，饱含情绪。这种绘画感觉既保持了特殊的油画自身的特征，又与中国传统造型的典型程序与原理相结合，表现出他在中西融合方面的可贵与大胆探索', '2015-05-17 14:02:11', 3, 0, 1, '1111', 0),
(125, 3, '篆刻测试作品7', 707, '以一个现代人的眼光审视熟悉的山石溪流 ，令画面自然地透出一种源于中国传统艺术的风格特征和深沉内涵。他的作品中有机而自然地运用了中国画散点透视的空间观念，注重以“线”结构画面，细细如丝，富于动感，饱含情绪。这种绘画感觉既保持了特殊的油画自身的特征，又与中国传统造型的典型程序与原理相结合，表现出他在中西融合方面的可贵与大胆探索', '2015-05-17 14:02:29', 4, 0, 1, '4455', 0),
(126, 4, '国画测试作品1', 701, '好多钱', '2015-05-17 14:02:29', 23, 0, 1, '4455', 0),
(127, 4, '国画测试作品2', 702, '评价不错', '2015-05-17 14:02:29', 12, 0, 2, '4455', 0),
(128, 4, '国画测试作品3', 703, '以一个现代人的眼光审视熟悉的山石溪流 ，令画面自然地透出一种源于中国传统艺术的风格特征和深沉内涵。他的作品中有机而自然地运用了中国画散点透视的空间观念，注重以“线”结构画面，细细如丝，富于动感，饱含情绪。这种绘画感觉既保持了特殊的油画自身的特征，又与中国传统造型的典型程序与原理相结合，表现出他在中西融合方面的可贵与大胆探索', '2015-05-17 13:59:39', 3, 0, 1, '111', 0),
(129, 4, '国画测试作品4', 704, '以一个现代人的眼光审视熟悉的山石溪流 ，令画面自然地透出一种源于中国传统艺术的风格特征和深沉内涵。他的作品中有机而自然地运用了中国画散点透视的空间观念，注重以“线”结构画面，细细如丝，富于动感，饱含情绪。这种绘画感觉既保持了特殊的油画自身的特征，又与中国传统造型的典型程序与原理相结合，表现出他在中西融合方面的可贵与大胆探索', '2015-05-17 14:01:30', 5, 0, 1, '2222', 0),
(130, 4, '国画测试作品5', 705, '以一个现代人的眼光审视熟悉的山石溪流 ，令画面自然地透出一种源于中国传统艺术的风格特征和深沉内涵。他的作品中有机而自然地运用了中国画散点透视的空间观念，注重以“线”结构画面，细细如丝，富于动感，饱含情绪。这种绘画感觉既保持了特殊的油画自身的特征，又与中国传统造型的典型程序与原理相结合，表现出他在中西融合方面的可贵与大胆探索', '2015-05-17 14:01:48', 7, 0, 2, '3333', 0),
(131, 4, '国画测试作品6', 706, '以一个现代人的眼光审视熟悉的山石溪流 ，令画面自然地透出一种源于中国传统艺术的风格特征和深沉内涵。他的作品中有机而自然地运用了中国画散点透视的空间观念，注重以“线”结构画面，细细如丝，富于动感，饱含情绪。这种绘画感觉既保持了特殊的油画自身的特征，又与中国传统造型的典型程序与原理相结合，表现出他在中西融合方面的可贵与大胆探索', '2015-05-17 14:02:11', 9, 0, 2, '1111', 0),
(132, 4, '国画测试作品7', 707, '以一个现代人的眼光审视熟悉的山石溪流 ，令画面自然地透出一种源于中国传统艺术的风格特征和深沉内涵。他的作品中有机而自然地运用了中国画散点透视的空间观念，注重以“线”结构画面，细细如丝，富于动感，饱含情绪。这种绘画感觉既保持了特殊的油画自身的特征，又与中国传统造型的典型程序与原理相结合，表现出他在中西融合方面的可贵与大胆探索', '2015-05-17 14:02:29', 3, 0, 2, '4455', 0),
(133, 5, '国画测试作品1', 701, '哈哈哈', '2015-05-17 14:02:29', 6, 0, 1, '4455', 0),
(134, 5, '国画测试作品2', 702, '评价不错', '2015-05-17 14:02:29', 0, 0, 1, '4455', NULL),
(135, 5, '国画测试作品3', 703, '以一个现代人的眼光审视熟悉的山石溪流 ，令画面自然地透出一种源于中国传统艺术的风格特征和深沉内涵。他的作品中有机而自然地运用了中国画散点透视的空间观念，注重以“线”结构画面，细细如丝，富于动感，饱含情绪。这种绘画感觉既保持了特殊的油画自身的特征，又与中国传统造型的典型程序与原理相结合，表现出他在中西融合方面的可贵与大胆探索', '2015-05-17 13:59:39', 1, 0, 1, '111', 0),
(136, 5, '国画测试作品4', 704, '以一个现代人的眼光审视熟悉的山石溪流 ，令画面自然地透出一种源于中国传统艺术的风格特征和深沉内涵。他的作品中有机而自然地运用了中国画散点透视的空间观念，注重以“线”结构画面，细细如丝，富于动感，饱含情绪。这种绘画感觉既保持了特殊的油画自身的特征，又与中国传统造型的典型程序与原理相结合，表现出他在中西融合方面的可贵与大胆探索', '2015-05-17 14:01:30', 0, 0, 1, '2222', NULL),
(137, 5, '国画测试作品5', 705, '以一个现代人的眼光审视熟悉的山石溪流 ，令画面自然地透出一种源于中国传统艺术的风格特征和深沉内涵。他的作品中有机而自然地运用了中国画散点透视的空间观念，注重以“线”结构画面，细细如丝，富于动感，饱含情绪。这种绘画感觉既保持了特殊的油画自身的特征，又与中国传统造型的典型程序与原理相结合，表现出他在中西融合方面的可贵与大胆探索', '2015-05-17 14:01:48', 0, 0, 1, '3333', NULL),
(138, 5, '国画测试作品6', 706, '以一个现代人的眼光审视熟悉的山石溪流 ，令画面自然地透出一种源于中国传统艺术的风格特征和深沉内涵。他的作品中有机而自然地运用了中国画散点透视的空间观念，注重以“线”结构画面，细细如丝，富于动感，饱含情绪。这种绘画感觉既保持了特殊的油画自身的特征，又与中国传统造型的典型程序与原理相结合，表现出他在中西融合方面的可贵与大胆探索', '2015-05-17 14:02:11', 0, 0, 1, '1111', NULL),
(139, 5, '国画测试作品7', 707, '以一个现代人的眼光审视熟悉的山石溪流 ，令画面自然地透出一种源于中国传统艺术的风格特征和深沉内涵。他的作品中有机而自然地运用了中国画散点透视的空间观念，注重以“线”结构画面，细细如丝，富于动感，饱含情绪。这种绘画感觉既保持了特殊的油画自身的特征，又与中国传统造型的典型程序与原理相结合，表现出他在中西融合方面的可贵与大胆探索', '2015-05-17 14:02:29', 0, 0, 1, '4455', NULL),
(140, 6, '版画测试作品1', 701, '好多钱', '2015-05-17 14:02:29', 19, 0, 1, '4455', 0),
(141, 6, '版画测试作品2', 702, '评价不错', '2015-05-17 14:02:29', 11, 0, 1, '4455', 0),
(142, 6, '版画测试作品3', 703, '以一个现代人的眼光审视熟悉的山石溪流 ，令画面自然地透出一种源于中国传统艺术的风格特征和深沉内涵。他的作品中有机而自然地运用了中国画散点透视的空间观念，注重以“线”结构画面，细细如丝，富于动感，饱含情绪。这种绘画感觉既保持了特殊的油画自身的特征，又与中国传统造型的典型程序与原理相结合，表现出他在中西融合方面的可贵与大胆探索', '2015-05-17 13:59:39', 7, 0, 1, '111', 0),
(143, 6, '版画测试作品4', 704, '以一个现代人的眼光审视熟悉的山石溪流 ，令画面自然地透出一种源于中国传统艺术的风格特征和深沉内涵。他的作品中有机而自然地运用了中国画散点透视的空间观念，注重以“线”结构画面，细细如丝，富于动感，饱含情绪。这种绘画感觉既保持了特殊的油画自身的特征，又与中国传统造型的典型程序与原理相结合，表现出他在中西融合方面的可贵与大胆探索', '2015-05-17 14:01:30', 3, 0, 1, '2222', 0),
(144, 6, '版画测试作品5', 705, '以一个现代人的眼光审视熟悉的山石溪流 ，令画面自然地透出一种源于中国传统艺术的风格特征和深沉内涵。他的作品中有机而自然地运用了中国画散点透视的空间观念，注重以“线”结构画面，细细如丝，富于动感，饱含情绪。这种绘画感觉既保持了特殊的油画自身的特征，又与中国传统造型的典型程序与原理相结合，表现出他在中西融合方面的可贵与大胆探索', '2015-05-17 14:01:48', 7, 0, 1, '3333', 0),
(145, 6, '版画测试作品6', 706, '以一个现代人的眼光审视熟悉的山石溪流 ，令画面自然地透出一种源于中国传统艺术的风格特征和深沉内涵。他的作品中有机而自然地运用了中国画散点透视的空间观念，注重以“线”结构画面，细细如丝，富于动感，饱含情绪。这种绘画感觉既保持了特殊的油画自身的特征，又与中国传统造型的典型程序与原理相结合，表现出他在中西融合方面的可贵与大胆探索', '2015-05-17 14:02:11', 1, 0, 1, '1111', 0),
(146, 6, '版画测试作品7', 707, '以一个现代人的眼光审视熟悉的山石溪流 ，令画面自然地透出一种源于中国传统艺术的风格特征和深沉内涵。他的作品中有机而自然地运用了中国画散点透视的空间观念，注重以“线”结构画面，细细如丝，富于动感，饱含情绪。这种绘画感觉既保持了特殊的油画自身的特征，又与中国传统造型的典型程序与原理相结合，表现出他在中西融合方面的可贵与大胆探索', '2015-05-17 14:02:29', 1, 0, 1, '4455', 0),
(147, 2, '书法测试作品1', 701, '好多钱', '2015-05-17 14:02:29', 8, 0, 2, '4455', 0),
(148, 2, '书法测试作品2', 702, '评价不错', '2015-05-17 14:02:29', 6, 0, 2, '4455', 0),
(149, 2, '书法测试作品3', 703, '以一个现代人的眼光审视熟悉的山石溪流 ，令画面自然地透出一种源于中国传统艺术的风格特征和深沉内涵。他的作品中有机而自然地运用了中国画散点透视的空间观念，注重以“线”结构画面，细细如丝，富于动感，饱含情绪。这种绘画感觉既保持了特殊的油画自身的特征，又与中国传统造型的典型程序与原理相结合，表现出他在中西融合方面的可贵与大胆探索', '2015-05-17 13:59:39', 0, 0, 1, '111', NULL),
(150, 2, '书法测试作品4', 704, '以一个现代人的眼光审视熟悉的山石溪流 ，令画面自然地透出一种源于中国传统艺术的风格特征和深沉内涵。他的作品中有机而自然地运用了中国画散点透视的空间观念，注重以“线”结构画面，细细如丝，富于动感，饱含情绪。这种绘画感觉既保持了特殊的油画自身的特征，又与中国传统造型的典型程序与原理相结合，表现出他在中西融合方面的可贵与大胆探索', '2015-05-17 14:01:30', 2, 0, 1, '2222', 0),
(151, 2, '书法测试作品5', 705, '以一个现代人的眼光审视熟悉的山石溪流 ，令画面自然地透出一种源于中国传统艺术的风格特征和深沉内涵。他的作品中有机而自然地运用了中国画散点透视的空间观念，注重以“线”结构画面，细细如丝，富于动感，饱含情绪。这种绘画感觉既保持了特殊的油画自身的特征，又与中国传统造型的典型程序与原理相结合，表现出他在中西融合方面的可贵与大胆探索', '2015-05-17 14:01:48', 0, 0, 1, '3333', NULL),
(152, 2, '书法测试作品6', 706, '以一个现代人的眼光审视熟悉的山石溪流 ，令画面自然地透出一种源于中国传统艺术的风格特征和深沉内涵。他的作品中有机而自然地运用了中国画散点透视的空间观念，注重以“线”结构画面，细细如丝，富于动感，饱含情绪。这种绘画感觉既保持了特殊的油画自身的特征，又与中国传统造型的典型程序与原理相结合，表现出他在中西融合方面的可贵与大胆探索', '2015-05-17 14:02:11', 2, 0, 1, '1111', 0),
(153, 2, '书法测试作品7', 707, '以一个现代人的眼光审视熟悉的山石溪流 ，令画面自然地透出一种源于中国传统艺术的风格特征和深沉内涵。他的作品中有机而自然地运用了中国画散点透视的空间观念，注重以“线”结构画面，细细如丝，富于动感，饱含情绪。这种绘画感觉既保持了特殊的油画自身的特征，又与中国传统造型的典型程序与原理相结合，表现出他在中西融合方面的可贵与大胆探索', '2015-05-17 14:02:29', 6, 0, 2, '4455', 0),
(154, 2, '书法测试作品1', 701, '好多钱', '2015-05-17 14:02:29', 0, 0, 1, '4455', NULL),
(155, 2, '书法测试作品2', 702, '评价不错', '2015-05-17 14:02:29', 1, 0, 1, '4455', 0),
(156, 2, '书法测试作品3', 703, '以一个现代人的眼光审视熟悉的山石溪流 ，令画面自然地透出一种源于中国传统艺术的风格特征和深沉内涵。他的作品中有机而自然地运用了中国画散点透视的空间观念，注重以“线”结构画面，细细如丝，富于动感，饱含情绪。这种绘画感觉既保持了特殊的油画自身的特征，又与中国传统造型的典型程序与原理相结合，表现出他在中西融合方面的可贵与大胆探索', '2015-05-17 13:59:39', 0, 0, 1, '111', NULL);
INSERT INTO `t_art` (`id`, `typeid`, `title`, `userid`, `content`, `createtime`, `click`, `share`, `tradestate`, `tradedes`, `groupid`) VALUES
(157, 2, '书法测试作品4', 704, '以一个现代人的眼光审视熟悉的山石溪流 ，令画面自然地透出一种源于中国传统艺术的风格特征和深沉内涵。他的作品中有机而自然地运用了中国画散点透视的空间观念，注重以“线”结构画面，细细如丝，富于动感，饱含情绪。这种绘画感觉既保持了特殊的油画自身的特征，又与中国传统造型的典型程序与原理相结合，表现出他在中西融合方面的可贵与大胆探索', '2015-05-17 14:01:30', 1, 0, 1, '2222', 0),
(158, 2, '书法测试作品5', 705, '以一个现代人的眼光审视熟悉的山石溪流 ，令画面自然地透出一种源于中国传统艺术的风格特征和深沉内涵。他的作品中有机而自然地运用了中国画散点透视的空间观念，注重以“线”结构画面，细细如丝，富于动感，饱含情绪。这种绘画感觉既保持了特殊的油画自身的特征，又与中国传统造型的典型程序与原理相结合，表现出他在中西融合方面的可贵与大胆探索', '2015-05-17 14:01:48', 0, 0, 1, '3333', NULL),
(159, 2, '书法测试作品6', 706, '以一个现代人的眼光审视熟悉的山石溪流 ，令画面自然地透出一种源于中国传统艺术的风格特征和深沉内涵。他的作品中有机而自然地运用了中国画散点透视的空间观念，注重以“线”结构画面，细细如丝，富于动感，饱含情绪。这种绘画感觉既保持了特殊的油画自身的特征，又与中国传统造型的典型程序与原理相结合，表现出他在中西融合方面的可贵与大胆探索', '2015-05-17 14:02:11', 1, 0, 1, '1111', 0),
(160, 2, '书法测试作品7', 707, '以一个现代人的眼光审视熟悉的山石溪流 ，令画面自然地透出一种源于中国传统艺术的风格特征和深沉内涵。他的作品中有机而自然地运用了中国画散点透视的空间观念，注重以“线”结构画面，细细如丝，富于动感，饱含情绪。这种绘画感觉既保持了特殊的油画自身的特征，又与中国传统造型的典型程序与原理相结合，表现出他在中西融合方面的可贵与大胆探索', '2015-05-17 14:02:29', 0, 0, 1, '4455', NULL),
(161, 2, '书法测试作品1', 701, '好多钱', '2015-05-17 14:02:29', 0, 0, 2, '4455', 0),
(162, 2, '书法测试作品2', 702, '评价不错', '2015-05-17 14:02:29', 0, 0, 1, '4455', NULL),
(163, 2, '书法测试作品3', 703, '以一个现代人的眼光审视熟悉的山石溪流 ，令画面自然地透出一种源于中国传统艺术的风格特征和深沉内涵。他的作品中有机而自然地运用了中国画散点透视的空间观念，注重以“线”结构画面，细细如丝，富于动感，饱含情绪。这种绘画感觉既保持了特殊的油画自身的特征，又与中国传统造型的典型程序与原理相结合，表现出他在中西融合方面的可贵与大胆探索', '2015-05-17 13:59:39', 1, 0, 1, '111', 0),
(164, 2, '书法测试作品4', 704, '以一个现代人的眼光审视熟悉的山石溪流 ，令画面自然地透出一种源于中国传统艺术的风格特征和深沉内涵。他的作品中有机而自然地运用了中国画散点透视的空间观念，注重以“线”结构画面，细细如丝，富于动感，饱含情绪。这种绘画感觉既保持了特殊的油画自身的特征，又与中国传统造型的典型程序与原理相结合，表现出他在中西融合方面的可贵与大胆探索', '2015-05-17 14:01:30', 0, 0, 1, '2222', NULL),
(165, 2, '书法测试作品5', 705, '以一个现代人的眼光审视熟悉的山石溪流 ，令画面自然地透出一种源于中国传统艺术的风格特征和深沉内涵。他的作品中有机而自然地运用了中国画散点透视的空间观念，注重以“线”结构画面，细细如丝，富于动感，饱含情绪。这种绘画感觉既保持了特殊的油画自身的特征，又与中国传统造型的典型程序与原理相结合，表现出他在中西融合方面的可贵与大胆探索', '2015-05-17 14:01:48', 5, 0, 1, '3333', 0),
(166, 2, '书法测试作品6', 706, '以一个现代人的眼光审视熟悉的山石溪流 ，令画面自然地透出一种源于中国传统艺术的风格特征和深沉内涵。他的作品中有机而自然地运用了中国画散点透视的空间观念，注重以“线”结构画面，细细如丝，富于动感，饱含情绪。这种绘画感觉既保持了特殊的油画自身的特征，又与中国传统造型的典型程序与原理相结合，表现出他在中西融合方面的可贵与大胆探索', '2015-05-17 14:02:11', 1, 0, 1, '1111', 0),
(167, 2, '书法测试作品7', 707, '以一个现代人的眼光审视熟悉的山石溪流 ，令画面自然地透出一种源于中国传统艺术的风格特征和深沉内涵。他的作品中有机而自然地运用了中国画散点透视的空间观念，注重以“线”结构画面，细细如丝，富于动感，饱含情绪。这种绘画感觉既保持了特殊的油画自身的特征，又与中国传统造型的典型程序与原理相结合，表现出他在中西融合方面的可贵与大胆探索', '2015-05-17 14:02:29', 1, 0, 2, '4455', 0),
(168, NULL, NULL, NULL, NULL, NULL, NULL, 0, 0, NULL, NULL),
(169, NULL, NULL, NULL, NULL, NULL, NULL, 0, 0, NULL, NULL),
(170, NULL, NULL, NULL, NULL, NULL, NULL, 0, 0, NULL, NULL),
(171, NULL, NULL, NULL, NULL, NULL, NULL, 0, 0, NULL, NULL),
(172, NULL, NULL, NULL, NULL, NULL, NULL, 0, 0, NULL, NULL),
(173, NULL, NULL, NULL, NULL, NULL, NULL, 0, 0, NULL, NULL),
(174, NULL, NULL, NULL, NULL, NULL, NULL, 0, 0, NULL, NULL),
(175, NULL, NULL, NULL, NULL, NULL, NULL, 0, 0, NULL, NULL),
(176, NULL, NULL, NULL, NULL, NULL, NULL, 0, 0, NULL, NULL),
(177, NULL, NULL, NULL, NULL, NULL, NULL, 0, 0, NULL, NULL),
(178, NULL, NULL, NULL, NULL, NULL, NULL, 0, 0, NULL, NULL),
(179, NULL, NULL, NULL, NULL, NULL, NULL, 0, 0, NULL, NULL),
(180, NULL, NULL, NULL, NULL, NULL, NULL, 0, 0, NULL, NULL),
(181, NULL, NULL, NULL, NULL, NULL, NULL, 0, 0, NULL, NULL),
(182, NULL, NULL, NULL, NULL, NULL, NULL, 0, 0, NULL, NULL),
(183, NULL, NULL, NULL, NULL, NULL, NULL, 0, 0, NULL, NULL),
(184, NULL, NULL, NULL, NULL, NULL, NULL, 0, 0, NULL, NULL),
(185, NULL, NULL, NULL, NULL, NULL, NULL, 0, 0, NULL, NULL),
(186, NULL, NULL, NULL, NULL, NULL, NULL, 0, 0, NULL, NULL),
(187, NULL, NULL, NULL, NULL, NULL, NULL, 0, 0, NULL, NULL),
(188, NULL, NULL, NULL, NULL, NULL, NULL, 0, 0, NULL, NULL),
(189, NULL, NULL, NULL, NULL, NULL, NULL, 0, 0, NULL, NULL),
(190, NULL, NULL, NULL, NULL, NULL, NULL, 0, 0, NULL, NULL),
(191, NULL, NULL, NULL, NULL, NULL, NULL, 0, 0, NULL, NULL),
(192, NULL, NULL, NULL, NULL, NULL, NULL, 0, 0, NULL, NULL),
(193, NULL, NULL, NULL, NULL, NULL, NULL, 0, 0, NULL, NULL),
(194, NULL, NULL, NULL, NULL, NULL, NULL, 0, 0, NULL, NULL),
(195, NULL, NULL, NULL, NULL, NULL, NULL, 0, 0, NULL, NULL),
(196, NULL, NULL, NULL, NULL, NULL, NULL, 0, 0, NULL, NULL),
(197, NULL, NULL, NULL, NULL, NULL, NULL, 0, 0, NULL, NULL),
(198, NULL, NULL, NULL, NULL, NULL, NULL, 0, 0, NULL, NULL),
(199, NULL, NULL, NULL, NULL, NULL, NULL, 0, 0, NULL, NULL),
(200, NULL, NULL, NULL, NULL, NULL, NULL, 0, 0, NULL, NULL),
(201, NULL, NULL, NULL, NULL, NULL, NULL, 0, 0, NULL, NULL),
(202, NULL, NULL, NULL, NULL, NULL, NULL, 0, 0, NULL, NULL),
(203, 2, '首页轮播图的作品1', 701, '.。。', '2015-05-27 14:29:29', 117, 0, 0, '', 0),
(204, 3, '首页轮播图测试2', 702, '方法', '2015-05-27 14:30:32', 132, 1, 0, '', 10),
(205, 4, '首页轮播图测试3', 703, '好吧，恩恩', '2015-05-27 14:31:28', 141, 1, 0, '', 0),
(206, 5, '首页轮播图测试4', 704, '首页轮播图测试4首页轮播图测试4', '2015-05-27 14:32:00', 26, 0, 0, '', 0),
(207, 6, '首页轮播图测试5', 705, '首页轮播图测试5首页轮播图测试5首页轮播图测试5', '2015-05-27 14:33:25', 7, 0, 0, '', 0),
(208, 4, '测试使用1', 701, '林志玲', '2015-06-08 20:09:59', 5, 2, 0, '', 0),
(209, 4, '林志玲', 101, '小玲', '2015-06-09 15:46:19', 8, 0, 0, '', 0),
(222, 1, '孟涛油画作品01', 101, '孟涛的油画是中国山水画式的油画。他以一个现代人的眼光审视熟悉的山石溪流 ，令画面自然地透出一种源于中国传统艺术的风格特征和深沉内涵。他的作品中有机而自然地运用了中国画散点透视的空间观念，注重以“线”结构画面，细细如丝，富于动感，饱含情绪。这种绘画感觉既保持了特殊的油画自身的特征，又与中国传统造型的典型程序与原理相结合，表现出他在中西融合方面的可贵与大胆探索。——摘自水天中《走向新世纪－中国青年油画展获奖作品点评》', '2015-05-14 16:12:32', 0, 0, 0, '暂无交易信息', NULL),
(223, 1, '孟涛油画作品02', 101, '孟涛新作品的创作起始时间是在2008年汶川大地震前后，这也许是一种冥冥中的感应……在此之前，孟涛的创作是以油画风景为主，而他本人的教育背景又是国画，所以，在他的那些油画风景中，不可避免地会带有一些所谓油画民族化的风格。老实说，这些作品虽然已经有了孟涛自己的语言特征，但是整体看来还是处在不温不火的状态，似乎是一种世外桃源的情调，与当代社会之间间隔着那么一段距离。', '2015-05-16 13:13:53', 0, 0, 0, '暂无交易信息', NULL),
(224, 1, '孟涛油画作品03', 101, '孟涛是细节刻画的高手，在他的画面中，对于鸟类羽毛质感和色彩的描绘是率意和传神的。但是，在这些美丽的外衣下，是哀伤的眼神，流血的伤口、外露的脏器、挣扎的体态，这些“丑”的细节与美丽、绚烂的羽毛之间形成了强烈的对比，由此，愈加将画面中通过形象所传达出来的精神内涵强调出来。', '2015-05-16 13:14:44', 0, 0, 0, '暂无交易信息', NULL),
(225, 1, '孟涛油画作品04', 101, '在作品中，画面的形象元素之间还形成了一种隐喻关系，在更大的范围内寓示了人类与自然之间的关系，刺目的伤口、飞溅的鲜血、外露的脏器、零落的羽毛，这些元素对应着人类的行为暴力和主观盲动；而无助的眼神、挣扎的体态、绚烂的羽毛，这些又对应着人类所身处的自然的境况。', '2015-05-16 13:15:07', 0, 0, 0, '暂无交易信息', NULL),
(226, 2, 'BMI艺术', 824, '忽悠的艺术', '2015-07-02 08:57:36', 12, 0, 0, '不可交易', 1),
(228, 1, '测试使用啦', 837, '不啊表达', '2015-07-03 18:36:19', 8, 5, 0, '', 0),
(231, 1, '大四点', 820, '撒旦四点', '2015-07-06 09:29:23', 24, 0, 2, '阿萨德四点', 0),
(232, 1, '111', 841, '111', '2015-07-10 18:50:09', 10, 0, 0, '', 6),
(233, 1, '123123', 841, '1231231', '2015-07-10 18:51:20', 7, 0, 0, '', 6),
(234, 1, '1', 841, '1', '2015-07-10 18:56:34', 11, 0, 0, '', 7),
(235, 1, '1', 841, '1', '2015-07-10 18:56:41', 12, 0, 0, '', 8),
(236, 1, '1', 841, '1', '2015-07-10 18:56:49', 18, 0, 0, '', 9),
(237, 1, 'sdda', 820, 'daw.....', '2015-07-13 12:24:26', 36, 2, 2, 'daw', 4),
(238, 1, 'eee', 701, 'eee', '2015-08-06 14:08:30', 0, 0, 0, 'eee', 0);

-- --------------------------------------------------------

--
-- 表的结构 `t_artgroup`
--

CREATE TABLE IF NOT EXISTS `t_artgroup` (
  `id` int(11) NOT NULL AUTO_INCREMENT,
  `userid` int(11) DEFAULT NULL,
  `name` varchar(255) DEFAULT NULL,
  `des` text,
  `createtime` datetime DEFAULT NULL,
  PRIMARY KEY (`id`)
) ENGINE=InnoDB  DEFAULT CHARSET=utf8 AUTO_INCREMENT=11 ;

--
-- 转存表中的数据 `t_artgroup`
--

INSERT INTO `t_artgroup` (`id`, `userid`, `name`, `des`, `createtime`) VALUES
(1, 701, '麻阳写生系列作品 第一季', '分组简介简介简介', '2015-06-16 20:37:23'),
(2, 701, '麻阳写生系列作品 第二季', '分组简介简介简介33', '2015-06-16 20:39:08'),
(3, 701, '麻阳写生系列作品 第三季', '分组简介简介简介547546分组简介简介简介547546分组简介简介简介547546分组简介简介简介547546分组简介简介简介547546分组简介简介简介547546分组简介简介简介547546分组简介简介简介547546分组简介简介简介547546分组简介简介简介547546分组简介简介简介547546分组简介简介简介547546分组简介简介简介547546分组简介简介简介547546', '2015-06-16 20:39:15'),
(4, 820, '分组一', '呵呵', '2015-07-04 20:51:32'),
(5, 820, '分组2', '三大我的', '2015-07-06 09:28:32'),
(6, 841, 'ceshi ', 'qweqwe', '2015-07-10 18:54:37'),
(7, 841, '132123', '12312', '2015-07-10 18:56:09'),
(8, 841, '123123', '123123', '2015-07-10 18:56:14'),
(9, 841, '1111', '1111', '2015-07-10 18:56:19'),
(10, 702, '组1', '厉害', '2015-07-13 15:33:07');

-- --------------------------------------------------------

--
-- 表的结构 `t_artimg`
--

CREATE TABLE IF NOT EXISTS `t_artimg` (
  `id` int(11) NOT NULL AUTO_INCREMENT,
  `url` varchar(2048) DEFAULT NULL,
  `artid` int(11) DEFAULT NULL,
  `createtime` datetime DEFAULT NULL,
  PRIMARY KEY (`id`)
) ENGINE=InnoDB  DEFAULT CHARSET=utf8 AUTO_INCREMENT=171 ;

--
-- 转存表中的数据 `t_artimg`
--

INSERT INTO `t_artimg` (`id`, `url`, `artid`, `createtime`) VALUES
(9, '/upload/image/2015-05/201505160720427390.jpg', 10101, '2015-05-16 13:20:43'),
(10, '/upload/image/2015-05/201505160720535390.jpg', 10102, '2015-05-16 13:20:54'),
(11, '/upload/image/2015-05/201505160721016708.jpg', 10103, '2015-05-16 13:21:01'),
(12, '/upload/image/2015-05/201505160721087866.jpg', 10104, '2015-05-16 13:21:08'),
(13, '/upload/image/2015-05/201505160738408350.jpg', 10201, '2015-05-16 13:38:41'),
(14, '/upload/image/2015-05/201505160738578914.jpg', 10202, '2015-05-16 13:38:57'),
(15, '/upload/image/2015-05/201505160753161454.jpg', 20101, '2015-05-16 13:53:16'),
(16, '/upload/image/2015-05/201505160753232549.jpg', 20102, '2015-05-16 13:53:23'),
(17, '/upload/image/2015-05/201505160756407798.jpg', 20201, '2015-05-16 13:56:41'),
(18, '/upload/image/2015-05/201505160756494145.jpg', 20202, '2015-05-16 13:56:50'),
(19, '/upload/image/2015-05/201505160804023143.jpg', 30101, '2015-05-16 14:04:02'),
(20, '/upload/image/2015-05/201505160804093572.jpg', 30102, '2015-05-16 14:04:10'),
(21, '/upload/image/2015-05/201505160804162472.jpg', 30103, '2015-05-16 14:04:16'),
(22, '/upload/image/2015-05/201505160807511621.jpg', 30201, '2015-05-16 14:07:52'),
(23, '/upload/image/2015-05/201505160807583766.jpg', 30202, '2015-05-16 14:07:59'),
(24, '/upload/image/2015-05/201505160815091300.jpg', 40101, '2015-05-16 14:15:09'),
(25, '/upload/image/2015-05/201505160815365723.jpg', 40102, '2015-05-16 14:15:37'),
(26, '/upload/image/2015-05/201505160817476541.jpg', 40201, '2015-05-16 14:17:47'),
(27, '/upload/image/2015-05/201505160846486650.png', 50101, '2015-05-16 14:46:49'),
(28, '/upload/image/2015-05/201505160847028832.png', 50102, '2015-05-16 14:47:03'),
(29, '/upload/image/2015-05/201505160849508047.png', 50201, '2015-05-16 14:49:51'),
(30, '/upload/image/2015-05/201505160850101627.png', 50202, '2015-05-16 14:50:10'),
(31, '/upload/image/2015-05/201505160905391534.png', 60101, '2015-05-16 15:05:39'),
(32, '/upload/image/2015-05/201505160906377243.png', 60102, '2015-05-16 15:06:37'),
(33, '/upload/image/2015-05/201505160906537233.png', 60103, '2015-05-16 15:06:54'),
(34, '/upload/image/2015-05/201505160907073232.png', 60201, '2015-05-16 15:07:07'),
(35, '/upload/image/2015-05/201505160907161238.png', 60202, '2015-05-16 15:07:16'),
(36, '/upload/image/2015-05/201505161032184842.jpg', 31, '2015-05-16 16:32:18'),
(40, '/upload/image/2015-05/201505161033292565.jpg', 35, '2015-05-16 16:33:29'),
(41, '/upload/image/2015-05/201505161033382458.jpg', 36, '2015-05-16 16:33:38'),
(42, '/upload/image/2015-05/201505161033541419.jpg', 37, '2015-05-16 16:33:55'),
(43, '/upload/image/2015-05/201505161034082774.jpg', 38, '2015-05-16 16:34:08'),
(44, '/upload/image/2015-05/201505161034166879.jpg', 39, '2015-05-16 16:34:17'),
(45, '/upload/image/2015-05/201505161034285283.jpg', 40, '2015-05-16 16:34:29'),
(46, '/upload/image/2015-05/201505161034371612.jpg', 41, '2015-05-16 16:34:37'),
(47, '/upload/image/2015-05/201505161034451793.jpg', 42, '2015-05-16 16:34:46'),
(48, '/upload/image/2015-05/201505161036241754.jpg', 43, '2015-05-16 16:36:24'),
(49, '/upload/image/2015-05/201505161036435207.jpg', 44, '2015-05-16 16:36:43'),
(50, '/upload/image/2015-05/201505161053469661.jpg', 45, '2015-05-16 16:53:47'),
(51, '/upload/image/2015-05/201505161053532271.jpg', 46, '2015-05-16 16:53:54'),
(52, '/upload/image/2015-05/201505161054052658.jpg', 47, '2015-05-16 16:54:06'),
(53, '/upload/image/2015-05/201505161055362566.jpg', 35, '2015-05-16 16:55:36'),
(54, '/upload/image/2015-05/201505161056493030.jpg', 48, '2015-05-16 16:56:50'),
(55, '/upload/image/2015-05/201505161056571704.jpg', 49, '2015-05-16 16:56:57'),
(56, '/upload/image/2015-05/201505161057066117.jpg', 50, '2015-05-16 16:57:07'),
(57, '/upload/image/2015-05/201505161057196551.jpg', 51, '2015-05-16 16:57:19'),
(58, '/upload/image/2015-05/201505161057403679.jpg', 52, '2015-05-16 16:57:40'),
(59, '/upload/image/2015-05/201505161057485540.jpg', 53, '2015-05-16 16:57:49'),
(60, '/upload/image/2015-05/201505161059123980.jpg', 54, '2015-05-16 16:59:12'),
(61, '/upload/image/2015-05/201505161111115325.png', 55, '2015-05-16 17:11:12'),
(62, '/upload/image/2015-05/201505161212061132.jpg', 55, '2015-05-16 18:12:07'),
(64, '/upload/image/2015-05/201505170830357209.png', 23, '2015-05-17 14:30:36'),
(65, '/upload/image/2015-05/201505170831363973.jpg', 1, '2015-05-17 14:31:36'),
(66, '/upload/image/2015-05/201505170831518826.jpg', 2, '2015-05-17 14:31:52'),
(67, '/upload/image/2015-05/201505170832267217.jpg', 3, '2015-05-17 14:32:26'),
(68, '/upload/image/2015-05/201505170832343916.jpg', 4, '2015-05-17 14:32:35'),
(69, '/upload/image/2015-05/201505170832493391.jpg', 5, '2015-05-17 14:32:50'),
(70, '/upload/image/2015-05/201505170833034540.jpg', 6, '2015-05-17 14:33:04'),
(71, '/upload/image/2015-05/201505170834291881.jpg', 56, '2015-05-17 14:34:30'),
(72, '/upload/image/2015-05/201505170834397848.jpg', 57, '2015-05-17 14:34:39'),
(73, '/upload/image/2015-05/201505170834477293.jpg', 58, '2015-05-17 14:34:48'),
(74, '/upload/image/2015-05/201505170834542838.jpg', 59, '2015-05-17 14:34:55'),
(75, '/upload/image/2015-05/201505170835058200.jpg', 60, '2015-05-17 14:35:06'),
(76, '/upload/image/2015-05/201505170835134099.jpg', 61, '2015-05-17 14:35:13'),
(77, '/upload/image/2015-05/201505170835231895.jpg', 62, '2015-05-17 14:35:24'),
(78, '/upload/image/2015-05/201505170835304564.jpg', 63, '2015-05-17 14:35:31'),
(79, '/upload/image/2015-05/201505170835421141.jpg', 64, '2015-05-17 14:35:42'),
(80, '/upload/image/2015-05/201505170835589261.jpg', 65, '2015-05-17 14:35:59'),
(81, '/upload/image/2015-05/201505170836284917.jpg', 112, '2015-05-17 14:36:29'),
(82, '/upload/image/2015-05/201505170836426061.jpg', 113, '2015-05-17 14:36:42'),
(83, '/upload/image/2015-05/201505170836515174.jpg', 114, '2015-05-17 14:36:51'),
(84, '/upload/image/2015-05/201505170838158430.jpg', 115, '2015-05-17 14:38:15'),
(85, '/upload/image/2015-05/201505170840262579.jpg', 116, '2015-05-17 14:40:27'),
(86, '/upload/image/2015-05/201505170840358174.jpg', 117, '2015-05-17 14:40:36'),
(87, '/upload/image/2015-05/201505170840474268.jpg', 118, '2015-05-17 14:40:48'),
(88, '/upload/image/2015-05/201505170842043804.jpg', 7, '2015-05-17 14:42:04'),
(91, '/upload/image/2015-05/201505170842436812.jpg', 8, '2015-05-17 14:42:43'),
(92, '/upload/image/2015-05/201505170842507762.jpg', 9, '2015-05-17 14:42:51'),
(93, '/upload/image/2015-05/201505170842593799.jpg', 10, '2015-05-17 14:43:00'),
(94, '/upload/image/2015-05/201505170843244751.jpg', 11, '2015-05-17 14:43:25'),
(95, '/upload/image/2015-05/201505170843328902.jpg', 12, '2015-05-17 14:43:32'),
(96, '/upload/image/2015-05/201505170843406711.jpg', 13, '2015-05-17 14:43:40'),
(97, '/upload/image/2015-05/201505170843469009.jpg', 14, '2015-05-17 14:43:47'),
(98, '/upload/image/2015-05/201505171027256293.jpg', 15, '2015-05-17 16:27:26'),
(99, '/upload/image/2015-05/201505171028454225.jpg', 16, '2015-05-17 16:28:45'),
(100, '/upload/image/2015-05/201505171028555993.jpg', 17, '2015-05-17 16:28:56'),
(104, '/upload/image/2015-05/201505171031136454.jpg', 18, '2015-05-17 16:31:13'),
(105, '/upload/image/2015-05/201505171031214613.png', 19, '2015-05-17 16:31:22'),
(106, '/upload/image/2015-05/201505171031315174.png', 20, '2015-05-17 16:31:32'),
(107, '/upload/image/2015-05/201505171031574944.png', 21, '2015-05-17 16:31:57'),
(108, '/upload/image/2015-05/201505171032084435.png', 22, '2015-05-17 16:32:09'),
(109, '/upload/image/2015-05/201505171033363443.png', 24, '2015-05-17 16:33:36'),
(110, '/upload/image/2015-05/201505171033464202.png', 25, '2015-05-17 16:33:47'),
(111, '/upload/image/2015-05/201505171033555277.png', 26, '2015-05-17 16:33:56'),
(112, '/upload/image/2015-05/201505171034029783.png', 27, '2015-05-17 16:34:03'),
(114, '/upload/image/2015-05/201505181053291668.jpg', 33, '2015-05-18 16:53:30'),
(116, '/upload/image/2015-05/201505181055444432.jpg', 34, '2015-05-18 16:55:45'),
(117, '/upload/image/2015-05/201505200452002194.jpg', 66, '2015-05-20 10:52:00'),
(118, '/upload/image/2015-05/201505200452124622.jpg', 67, '2015-05-20 10:52:12'),
(119, '/upload/image/2015-05/201505200452223661.jpg', 68, '2015-05-20 10:52:23'),
(121, '/upload/image/2015-05/201505200453235563.jpg', 70, '2015-05-20 10:53:24'),
(122, '/upload/image/2015-05/201505200453311211.jpg', 71, '2015-05-20 10:53:31'),
(123, '/upload/image/2015-05/201505200453525897.jpg', 72, '2015-05-20 10:53:53'),
(124, '/upload/image/2015-05/201505200454128586.jpg', 73, '2015-05-20 10:54:13'),
(125, '/upload/image/2015-05/201505200454211251.jpg', 74, '2015-05-20 10:54:22'),
(126, '/upload/image/2015-05/201505200454336501.jpg', 75, '2015-05-20 10:54:34'),
(127, '/upload/image/2015-05/201505200455022560.jpg', 76, '2015-05-20 10:55:02'),
(128, '/upload/image/2015-05/201505200501177715.jpg', 147, '2015-05-20 11:01:18'),
(129, '/upload/image/2015-05/201505200501275851.jpg', 148, '2015-05-20 11:01:28'),
(130, '/upload/image/2015-05/201505200501452210.jpg', 150, '2015-05-20 11:01:45'),
(131, '/upload/image/2015-05/201505200501557995.jpg', 149, '2015-05-20 11:01:55'),
(132, '/upload/image/2015-05/201505200502138936.jpg', 151, '2015-05-20 11:02:14'),
(133, '/upload/image/2015-05/201505200502244457.jpg', 152, '2015-05-20 11:02:25'),
(134, '/upload/image/2015-05/201505200502361559.jpg', 153, '2015-05-20 11:02:37'),
(135, '/upload/image/2015-05/201505200502515045.jpg', 154, '2015-05-20 11:02:52'),
(136, '/upload/image/2015-05/201505200503055217.jpg', 155, '2015-05-20 11:03:05'),
(137, '/upload/image/2015-05/201505200503214662.jpg', 156, '2015-05-20 11:03:22'),
(138, '/upload/image/2015-05/201505200503434265.jpg', 157, '2015-05-20 11:03:44'),
(139, '/upload/image/2015-05/201505200503538054.jpg', 158, '2015-05-20 11:03:53'),
(140, '/upload/image/2015-05/201505200504033027.jpg', 159, '2015-05-20 11:04:03'),
(141, '/upload/image/2015-05/201505200504169561.jpg', 160, '2015-05-20 11:04:16'),
(142, '/upload/image/2015-05/201505200504505547.jpg', 161, '2015-05-20 11:04:51'),
(143, '/upload/image/2015-05/201505200505028866.jpg', 162, '2015-05-20 11:05:02'),
(144, '/upload/image/2015-05/201505200505124336.jpg', 163, '2015-05-20 11:05:13'),
(145, '/upload/image/2015-05/201505200505258747.jpg', 164, '2015-05-20 11:05:26'),
(146, '/upload/image/2015-05/201505200505375124.jpg', 165, '2015-05-20 11:05:37'),
(147, '/upload/image/2015-05/201505200505453825.jpg', 166, '2015-05-20 11:05:45'),
(148, '/upload/image/2015-05/201505200505546611.jpg', 167, '2015-05-20 11:05:55'),
(149, '/upload/image/2015-05/201505271424576149.png', 140, '2015-05-27 14:24:58'),
(150, '/upload/image/2015-05/201505271425127823.png', 141, '2015-05-27 14:25:13'),
(151, '/upload/image/2015-05/201505271425204619.jpg', 142, '2015-05-27 14:25:20'),
(152, '/upload/image/2015-05/201505271425283824.png', 143, '2015-05-27 14:25:28'),
(153, '/upload/image/2015-05/201505271425406618.png', 144, '2015-05-27 14:25:40'),
(154, '/upload/image/2015-05/201505271429474382.png', 203, '2015-05-27 14:29:47'),
(155, '/upload/image/2015-05/201505271430497596.png', 204, '2015-05-27 14:30:49'),
(156, '/upload/image/2015-05/201505271431412499.jpg', 205, '2015-05-27 14:31:41'),
(157, '/upload/image/2015-05/201505271432274549.png', 206, '2015-05-27 14:32:27'),
(158, '/upload/image/2015-05/201505271433395513.png', 207, '2015-05-27 14:33:39'),
(159, '/upload/image/2015-05/201505271508471050.jpg', 204, '2015-05-27 15:08:47'),
(162, '/upload/image/2015-06/201506082106148903.jpg', 32, '2015-06-08 21:06:14'),
(163, '/upload/image/2015-06/201506110913239929.jpg', 209, '2015-06-11 15:13:20'),
(165, '/upload/image/2015-07/201507131421395332.png', 237, '2015-07-13 20:21:39'),
(166, '/upload/image/2015-07/201507161108186835.jpg', 237, '2015-07-16 17:08:25'),
(167, '/upload/image/2015-07/201507161109525408.png', 237, '2015-07-16 17:09:57'),
(168, '/upload/image/2015-07/201507161113498624.png', 237, '2015-07-16 17:14:12'),
(169, '/upload/image/2015-07/201507192158305479.jpg', 69, '2015-07-19 21:58:32'),
(170, '/upload/image/2015-08/201508061407331672.png', 236, '2015-08-06 14:07:35');

-- --------------------------------------------------------

--
-- 表的结构 `t_arttype`
--

CREATE TABLE IF NOT EXISTS `t_arttype` (
  `id` int(11) NOT NULL AUTO_INCREMENT,
  `name` varchar(255) DEFAULT NULL,
  `description_cn` varchar(255) DEFAULT NULL,
  `description_en` varchar(255) DEFAULT NULL,
  `picurl` varchar(2048) DEFAULT NULL,
  `videotitle` varchar(255) DEFAULT NULL COMMENT '视频里面的标题',
  PRIMARY KEY (`id`)
) ENGINE=InnoDB  DEFAULT CHARSET=utf8 AUTO_INCREMENT=7 ;

--
-- 转存表中的数据 `t_arttype`
--

INSERT INTO `t_arttype` (`id`, `name`, `description_cn`, `description_en`, `picurl`, `videotitle`) VALUES
(1, 'oilp', '油画', 'Oil Painting', 'http://static.bootcss.com/www/assets/img/gulpjs.png', '的算法链接'),
(2, 'calli', '书法', 'Calligraphy', 'http://static.bootcss.com/www/assets/img/gulpjs.png', '阿斯蒂芬'),
(3, 'Seal', '篆刻', 'Seal cutting', 'http://static.bootcss.com/www/assets/img/gulpjs.png', '多萨法都是发达省份'),
(4, 'Trad', '国画', 'Traditional Chinese painting', 'http://static.bootcss.com/www/assets/img/gulpjs.png', '三大法都是'),
(5, 'Scul', '雕塑', 'Sculpture', 'http://static.bootcss.com/www/assets/img/gulpjs.png', '阿萨法都是'),
(6, 'Engr', '版画', 'Engraving', 'http://static.bootcss.com/www/assets/img/gulpjs.png', '阿萨等发达');

-- --------------------------------------------------------

--
-- 表的结构 `t_banner`
--

CREATE TABLE IF NOT EXISTS `t_banner` (
  `id` int(11) NOT NULL AUTO_INCREMENT,
  `name` varchar(255) DEFAULT NULL,
  `typeid` int(11) DEFAULT NULL,
  `targetid` int(11) DEFAULT NULL,
  `description` varchar(255) DEFAULT NULL,
  `createtime` datetime DEFAULT NULL,
  `picurl` varchar(2048) DEFAULT NULL,
  PRIMARY KEY (`id`)
) ENGINE=InnoDB  DEFAULT CHARSET=utf8 AUTO_INCREMENT=54 ;

--
-- 转存表中的数据 `t_banner`
--

INSERT INTO `t_banner` (`id`, `name`, `typeid`, `targetid`, `description`, `createtime`, `picurl`) VALUES
(11, 'home', 2, 204, '首页轮播图测试2', '2015-05-27 14:51:04', '/upload/image/2015-05/201505271430497596.png'),
(12, 'home', 2, 205, '首页轮播图测试3', '2015-05-27 14:51:28', '/upload/image/2015-05/201505271431412499.jpg'),
(23, 'trade', 2, 113, '哈哈', '2015-07-08 16:29:47', '/upload/image/2015-05/201505170836426061.jpg'),
(25, 'trade', 2, 118, '哈哈', '2015-07-08 16:40:51', '/upload/image/2015-05/201505170840474268.jpg'),
(29, 'trade', 2, 147, '厉害啊啊', '2015-07-08 16:45:04', '/upload/image/2015-05/201505200501177715.jpg'),
(30, 'trade', 2, 148, '厉害啊啊', '2015-07-08 16:45:15', '/upload/image/2015-05/201505200501275851.jpg'),
(31, 'trade', 2, 153, '厉害！！！！', '2015-07-08 16:45:30', '/upload/image/2015-05/201505200502361559.jpg'),
(37, 'home', 3, 20, '【国粹艺术】独具风韵的脸谱艺术品', '2015-07-10 20:23:40', '/upload/image/2015-07/201507131955147790.jpg'),
(38, 'home', 2, 62, '生命壹号的艺术品，你们都别评论', '2015-07-10 20:29:48', '/upload/image/2015-07/201507131955558071.jpg'),
(40, 'home', 1, 30, '腾讯宣传片', '2015-07-12 14:39:42', '/upload/image/2015-07/201507131957468199.jpg'),
(51, 'trade', 2, 62, '生命壹号的艺术品，你们都别评论', '2015-07-19 16:05:14', '/upload/image/2015-07/201507090723493153.jpg'),
(52, 'trade', 2, 69, '油画测试作品7', '2015-07-19 16:05:36', '/upload/image/2015-05/201505200452315081.jpg'),
(53, 'home', 3, 29, '西安美术馆展览评论 | 须弥墟——邱光平作品展生s', '2015-07-21 15:48:32', '0');

-- --------------------------------------------------------

--
-- 表的结构 `t_certifytype`
--

CREATE TABLE IF NOT EXISTS `t_certifytype` (
  `id` int(11) NOT NULL AUTO_INCREMENT,
  `name` varchar(255) DEFAULT NULL,
  `title` varchar(255) DEFAULT NULL,
  PRIMARY KEY (`id`)
) ENGINE=InnoDB  DEFAULT CHARSET=utf8 AUTO_INCREMENT=4 ;

--
-- 转存表中的数据 `t_certifytype`
--

INSERT INTO `t_certifytype` (`id`, `name`, `title`) VALUES
(1, 'artist', '艺术家'),
(2, 'seller', '卖家'),
(3, 'commenter', '评论家');

-- --------------------------------------------------------

--
-- 表的结构 `t_comment`
--

CREATE TABLE IF NOT EXISTS `t_comment` (
  `id` int(11) NOT NULL AUTO_INCREMENT,
  `typeid` int(11) DEFAULT NULL,
  `userid` int(11) DEFAULT NULL,
  `replyuserid` int(11) DEFAULT NULL COMMENT '被回复用户id',
  `targetid` int(11) DEFAULT NULL,
  `fatherid` int(11) DEFAULT NULL,
  `content` text,
  `createtime` datetime DEFAULT NULL,
  `valid` tinyint(1) DEFAULT '1' COMMENT '管理员审核',
  `isread` tinyint(1) DEFAULT '0' COMMENT '已读',
  PRIMARY KEY (`id`)
) ENGINE=InnoDB  DEFAULT CHARSET=utf8 AUTO_INCREMENT=1001 ;

--
-- 转存表中的数据 `t_comment`
--

INSERT INTO `t_comment` (`id`, `typeid`, `userid`, `replyuserid`, `targetid`, `fatherid`, `content`, `createtime`, `valid`, `isread`) VALUES
(495, 2, 702, 701, 62, 0, '艺术品也棒棒哒', '2015-07-05 16:45:02', 1, 1),
(496, 3, 702, 701, 21, 0, '文章厉害咩', '2015-07-05 16:45:50', 1, 1),
(497, 1, 703, 702, 20, 494, '嗯，我对生命贰号的评论进行评论哈', '2015-07-05 16:47:33', 1, 1),
(498, 1, 703, 701, 20, 0, '视频好厉害哦', '2015-07-05 20:14:16', 1, 1),
(499, 3, 703, 701, 21, 0, '哈哈哈', '2015-07-06 03:55:57', 1, 1),
(500, 3, 702, 703, 21, 499, 'enen2', '2015-07-06 04:19:56', 1, 0),
(501, 3, 704, 701, 19, 0, '通宵搞评论', '2015-07-06 04:23:58', 1, 1),
(502, 3, 704, 701, 19, 0, '通宵搞评论啊', '2015-07-06 04:24:04', 1, 1),
(503, 3, 704, 701, 19, 0, '唉', '2015-07-06 04:24:09', 1, 1),
(504, 3, 704, 701, 20, 0, '第一次在教研室搞这么晚呢', '2015-07-06 04:24:23', 1, 1),
(505, 3, 704, 701, 21, 0, '大半夜的，撸代码咯', '2015-07-06 04:24:40', 1, 1),
(506, 3, 704, 704, 22, 0, '半夜四点半偷吃了两个粽子，啊哈哈', '2015-07-06 04:25:06', 1, 0),
(507, 3, 704, 704, 23, 0, '半夜四点半偷吃了两个粽子，啊哈哈', '2015-07-06 04:25:09', 1, 0),
(508, 3, 704, 701, 24, 0, '半夜四点半偷吃了两个粽子，啊哈哈', '2015-07-06 04:25:11', 1, 1),
(509, 3, 704, 704, 25, 0, '半夜四点半偷吃了两个粽子，啊哈哈', '2015-07-06 04:25:13', 1, 0),
(510, 3, 704, 0, 26, 0, '半夜四点半偷吃了两个粽子，啊哈哈', '2015-07-06 04:25:25', 1, 0),
(511, 3, 704, 701, 28, 0, '半夜四点半偷吃了两个粽子，啊哈哈', '2015-07-06 04:25:37', 1, 1),
(512, 3, 704, 701, 29, 0, '半夜四点半偷吃了两个粽子，啊哈哈', '2015-07-06 04:25:42', 1, 1),
(513, 3, 704, 824, 32, 0, '半夜四点半偷吃了两个粽子，啊哈哈', '2015-07-06 04:25:45', 1, 1),
(514, 3, 704, 837, 33, 0, '半夜四点半偷吃了两个粽子，啊哈哈', '2015-07-06 04:25:47', 1, 0),
(515, 3, 704, 820, 34, 0, '半夜四点半偷吃了两个粽子，啊哈哈', '2015-07-06 04:25:50', 1, 0),
(516, 3, 701, 704, 19, 504, '你以为就你搞这么晚啊，我也很晚的哦，今晚决战到天亮，哼~', '2015-07-06 04:27:51', 1, 0),
(517, 3, 704, 701, 19, 0, '001', '2015-07-06 04:32:38', 1, 1),
(518, 3, 701, 701, 19, 0, '111', '2015-07-06 04:42:15', 1, 1),
(519, 3, 701, 704, 19, 517, '002', '2015-07-06 04:42:26', 1, 0),
(520, 1, 701, 701, 20, 0, '111', '2015-07-06 05:31:58', 1, 1),
(521, 1, 701, 701, 20, 520, '222', '2015-07-06 05:43:24', 1, 1),
(522, 1, 701, 701, 20, 0, '222', '2015-07-06 05:43:36', 1, 1),
(523, 1, 701, 701, 20, 0, '233', '2015-07-06 05:43:43', 1, 1),
(524, 1, 701, 701, 20, 522, '2333', '2015-07-06 05:47:33', 1, 1),
(525, 1, 701, 701, 20, 522, '2333', '2015-07-06 05:47:37', 1, 1),
(526, 1, 701, 701, 20, 523, '34', '2015-07-06 05:47:42', 1, 1),
(527, 1, 701, 701, 20, 0, '11', '2015-07-06 05:53:01', 1, 1),
(528, 1, 701, 701, 20, 0, '12', '2015-07-06 05:53:16', 1, 1),
(529, 1, 824, 701, 20, 0, '来咯', '2015-07-06 08:39:22', 1, 1),
(530, 3, 824, 824, 32, 0, '你妹-_-#', '2015-07-06 08:46:37', 1, 1),
(531, 1, 820, 701, 20, 0, '吃', '2015-07-06 08:59:24', 1, 1),
(532, 3, 820, 701, 29, 0, '啊\n', '2015-07-06 09:09:55', 1, 1),
(533, 3, 820, 820, 34, 0, '啊', '2015-07-06 09:10:09', 1, 1),
(534, 3, 820, 704, 25, 0, '啊', '2015-07-06 09:10:51', 1, 0),
(535, 3, 820, 704, 25, 0, '啊哈', '2015-07-06 09:10:55', 1, 0),
(536, 1, 820, 701, 20, 0, '就', '2015-07-06 09:40:06', 1, 1),
(537, 1, 820, 701, 20, 0, '就', '2015-07-06 09:42:01', 1, 1),
(538, 1, 820, 701, 20, 0, '嗯', '2015-07-06 09:42:54', 1, 1),
(539, 3, 701, 704, 21, 505, 'qq', '2015-07-06 10:11:46', 1, 0),
(540, 3, 702, 701, 21, 0, '009', '2015-07-06 10:20:31', 1, 1),
(541, 3, 703, 702, 21, 540, '对id为540的评论进行二次评论', '2015-07-06 10:22:16', 1, 1),
(542, 3, 837, 701, 21, 0, 'qqqq', '2015-07-06 10:39:42', 1, 1),
(543, 1, 838, 837, 51, 0, '直接评论视频', '2015-07-06 13:12:02', 1, 0),
(544, 1, 838, 837, 51, 0, '直接评论视频11', '2015-07-06 13:12:29', 1, 0),
(545, 1, 838, 838, 51, 544, '对   直接评论视频11  回复', '2015-07-06 13:13:10', 1, 0),
(546, 2, 838, 837, 228, 0, '直接评论艺术品11', '2015-07-06 13:14:10', 1, 0),
(547, 2, 838, 837, 228, 0, '直接评论艺术品', '2015-07-06 13:14:22', 1, 0),
(548, 2, 838, 838, 228, 547, '直接评论艺术品 回复', '2015-07-06 13:14:49', 1, 0),
(549, 3, 838, 837, 33, 0, '直接评论文章', '2015-07-06 13:15:14', 1, 0),
(550, 3, 838, 837, 33, 0, '直接评论文章33', '2015-07-06 13:15:31', 1, 0),
(551, 3, 838, 838, 33, 550, '对 直接评论文章33回复', '2015-07-06 13:15:49', 1, 0),
(552, 3, 838, 838, 33, 551, '对 直接评论文章33回复2', '2015-07-06 13:16:08', 1, 0),
(553, 3, 705, 701, 29, 0, 'Fhhh', '2015-07-06 21:33:08', 1, 1),
(554, 3, 705, 701, 29, 0, 'Ghhgfghh ', '2015-07-06 21:33:18', 1, 1),
(555, 1, 841, 701, 20, 0, '不错', '2015-07-06 21:58:42', 1, 1),
(556, 3, 705, 820, 20, 537, 'Cnkk', '2015-07-06 22:21:20', 1, 1),
(557, 3, 705, 701, 20, 0, 'Hjjfj', '2015-07-06 22:21:37', 1, 1),
(558, 3, 705, 841, 20, 555, 'Dhhj', '2015-07-06 22:22:27', 1, 1),
(559, 3, 705, 701, 20, 0, 'Vkljgg', '2015-07-06 22:22:41', 1, 1),
(560, 3, 705, 701, 20, 0, 'Cjkk', '2015-07-06 22:23:22', 1, 1),
(561, 1, 705, 701, 20, 0, 'Hhfh', '2015-07-06 22:25:54', 1, 1),
(562, 3, 705, 701, 20, 0, 'Chhj', '2015-07-06 22:33:33', 1, 1),
(563, 3, 705, 701, 20, 0, 'Ghh', '2015-07-06 22:33:39', 1, 1),
(564, 1, 705, 701, 20, 0, 'Cbjj', '2015-07-06 22:40:29', 1, 1),
(565, 1, 705, 820, 20, 537, 'Thhj', '2015-07-06 22:40:32', 1, 1),
(566, 1, 705, 701, 20, 0, 'Cjgg', '2015-07-06 22:40:41', 1, 1),
(567, 3, 701, 701, 21, 0, '1', '2015-07-07 10:24:04', 1, 1),
(568, 3, 702, 701, 21, 0, '。。', '2015-07-07 10:26:25', 1, 1),
(569, 3, 702, 701, 21, 0, '。。', '2015-07-07 10:26:38', 1, 1),
(570, 3, 701, 701, 21, 0, '233', '2015-07-07 10:27:31', 1, 1),
(571, 3, 701, 701, 21, 0, '123', '2015-07-07 10:27:35', 1, 1),
(572, 3, 701, 0, 21, 0, '23', '2015-07-07 10:27:41', 1, 0),
(573, 3, 702, 701, 21, 0, '厉害！', '2015-07-07 10:29:52', 1, 1),
(574, 3, 701, 701, 21, 0, '123', '2015-07-07 10:30:22', 1, 1),
(575, 3, 701, 0, 21, 0, '12345', '2015-07-07 10:30:35', 1, 0),
(576, 3, 702, 701, 21, 0, '01', '2015-07-07 10:32:52', 1, 1),
(577, 3, 702, 701, 21, 575, '02', '2015-07-07 10:33:01', 1, 1),
(578, 3, 702, 701, 21, 0, '03', '2015-07-07 10:33:43', 1, 1),
(579, 3, 702, 702, 21, 578, '4', '2015-07-07 10:34:02', 1, 1),
(580, 3, 702, 701, 21, 0, '005', '2015-07-07 10:34:42', 1, 1),
(581, 3, 702, 0, 21, 0, '006', '2015-07-07 10:34:51', 1, 0),
(582, 3, 702, 701, 21, 575, '2', '2015-07-07 10:35:54', 1, 1),
(583, 3, 702, 701, 21, 0, '1', '2015-07-07 10:38:29', 1, 1),
(584, 3, 702, 701, 21, 0, '7', '2015-07-07 11:02:35', 1, 1),
(585, 1, 841, 701, 20, 0, '1', '2015-07-07 19:49:28', 1, 1),
(586, 1, 841, 701, 20, 0, '12', '2015-07-07 19:49:30', 1, 1),
(587, 1, 841, 701, 20, 0, '123', '2015-07-07 19:49:32', 1, 1),
(588, 1, 841, 701, 20, 0, '1234', '2015-07-07 19:49:34', 1, 1),
(589, 1, 841, 701, 20, 0, '12345', '2015-07-07 19:49:35', 1, 1),
(590, 1, 841, 701, 20, 0, '123456', '2015-07-07 19:49:36', 1, 1),
(591, 1, 841, 701, 20, 0, '1234567', '2015-07-07 19:49:39', 1, 1),
(592, 1, 841, 705, 38, 0, '2369', '2015-07-07 19:49:51', 1, 1),
(593, 1, 841, 705, 38, 0, '23693677', '2015-07-07 19:49:53', 1, 1),
(594, 1, 841, 803, 32, 0, '?', '2015-07-07 19:50:29', 1, 0),
(595, 3, 841, 701, 20, 0, 'hi', '2015-07-07 20:32:57', 1, 1),
(596, 3, 702, 701, 21, 0, '哈哈', '2015-07-07 20:36:24', 1, 1),
(597, 3, 701, 841, 20, 595, '挺好', '2015-07-07 21:00:26', 1, 1),
(598, 3, 701, 841, 20, 595, '说啥', '2015-07-07 21:00:35', 1, 1),
(599, 1, 701, 841, 20, 591, '干嘛', '2015-07-07 21:01:12', 1, 1),
(600, 3, 824, 701, 29, 0, 'Cbnjjjj', '2015-07-08 09:16:32', 1, 1),
(601, 3, 824, 701, 29, 0, 'Hffh', '2015-07-08 09:16:37', 1, 1),
(602, 1, 841, 0, 69, 0, 'hhh', '2015-07-08 09:34:22', 1, 0),
(603, 1, 820, 701, 20, 0, '1255路', '2015-07-08 14:23:53', 1, 1),
(604, 1, 820, 701, 20, 0, 'jjjjjjjj', '2015-07-08 14:30:58', 1, 1),
(605, 1, 820, 0, 18, 0, 'hjjjj', '2015-07-08 14:33:47', 1, 0),
(606, 1, 820, 0, 18, 0, 'hjjjj', '2015-07-08 14:33:51', 1, 0),
(607, 1, 820, 0, 15, 0, 'hgh', '2015-07-08 14:34:50', 1, 0),
(608, 3, 820, 837, 33, 0, 'vhhjj', '2015-07-08 14:38:50', 1, 0),
(609, 1, 820, 0, 108, 0, 'h', '2015-07-08 14:40:06', 1, 0),
(610, 1, 820, 0, 108, 0, 'hjj', '2015-07-08 14:40:22', 1, 0),
(611, 1, 820, 0, 94, 0, 'hhjjj', '2015-07-08 14:40:43', 1, 0),
(612, 1, 820, 0, 94, 0, 'hhffgh', '2015-07-08 14:41:36', 1, 0),
(613, 1, 820, 0, 94, 0, 'hhffgh', '2015-07-08 14:41:37', 1, 0),
(614, 1, 820, 0, 94, 0, 'hhhj', '2015-07-08 14:42:14', 1, 0),
(615, 1, 820, 0, 94, 0, 'ujhh', '2015-07-08 14:42:48', 1, 0),
(616, 1, 820, 0, 64, 0, 'jgh', '2015-07-08 14:43:06', 1, 0),
(617, 3, 701, 701, 21, 0, 'enen2', '2015-07-08 15:07:20', 1, 1),
(618, 3, 702, 701, 21, 617, 'enen2', '2015-07-08 15:07:40', 1, 1),
(619, 3, 702, 701, 21, 617, 'enen2', '2015-07-08 15:08:33', 1, 1),
(620, 3, 702, 701, 21, 617, 'enen2', '2015-07-08 15:08:37', 1, 1),
(621, 1, 701, 0, 79, 0, '11', '2015-07-08 18:43:55', 1, 0),
(622, 1, 701, 0, 94, 0, '123', '2015-07-08 18:44:16', 1, 0),
(623, 1, 701, 0, 94, 0, '123', '2015-07-08 18:44:48', 1, 0),
(624, 1, 701, 0, 231, 0, '123', '2015-07-08 18:45:13', 1, 0),
(625, 1, 820, 0, 204, 0, 'jjf\n', '2015-07-08 18:55:00', 1, 0),
(626, 1, 701, 0, 94, 0, '111', '2015-07-08 19:01:19', 1, 0),
(627, 1, 701, 0, 94, 0, '111', '2015-07-08 19:01:29', 1, 0),
(628, 1, 701, 701, 20, 0, '1223', '2015-07-08 19:21:02', 1, 1),
(629, 3, 702, 701, 21, 0, 'enen2', '2015-07-08 19:28:12', 1, 1),
(630, 3, 702, 702, 21, 629, 'enen2', '2015-07-08 19:28:33', 1, 1),
(631, 1, 837, 837, 51, 0, '埃及首都啊', '2015-07-08 19:35:15', 1, 0),
(632, 1, 837, 837, 51, 0, '埃及首都啊', '2015-07-08 19:37:19', 1, 0),
(633, 1, 702, 701, 20, 0, '2', '2015-07-09 10:37:46', 1, 1),
(634, 1, 702, 701, 20, 628, '009', '2015-07-09 10:38:07', 1, 1),
(635, 1, 702, 820, 20, 604, '..', '2015-07-09 10:39:40', 1, 1),
(636, 3, 702, 701, 29, 0, '00', '2015-07-09 10:40:23', 1, 1),
(637, 3, 702, 824, 29, 601, '00', '2015-07-09 10:40:36', 1, 1),
(638, 3, 702, 701, 28, 0, '1', '2015-07-09 11:08:29', 1, 1),
(639, 3, 702, 701, 21, 0, '111', '2015-07-09 11:12:35', 1, 1),
(640, 3, 702, 701, 21, 0, '111', '2015-07-09 11:13:25', 1, 1),
(641, 1, 841, 801, 17, 0, '你好', '2015-07-09 11:16:51', 1, 0),
(642, 3, 702, 701, 21, 617, '111', '2015-07-09 11:17:19', 1, 1),
(643, 3, 702, 701, 21, 0, '111111111111111111111111111111111111111111111111111111111111111111', '2015-07-09 11:18:31', 1, 1),
(644, 3, 702, 701, 21, 0, '123', '2015-07-09 12:55:17', 1, 1),
(645, 1, 702, 701, 20, 0, '11', '2015-07-09 12:56:04', 1, 1),
(646, 1, 702, 0, 62, 0, '123', '2015-07-09 12:56:43', 1, 0),
(648, 1, 702, 0, 62, 0, '123', '2015-07-09 12:58:21', 1, 0),
(651, 2, 702, 702, 62, 650, '123', '2015-07-09 14:38:26', 1, 1),
(652, 2, 702, 701, 62, 0, '11', '2015-07-09 14:40:29', 1, 1),
(659, 2, 702, 820, 231, 0, '12', '2015-07-09 15:03:21', 1, 1),
(660, 2, 702, 820, 231, 0, '1', '2015-07-09 15:03:53', 1, 1),
(661, 2, 702, 820, 231, 0, '2', '2015-07-09 15:03:57', 1, 1),
(664, 2, 702, 820, 231, 0, '5', '2015-07-09 15:04:13', 1, 1),
(665, 2, 702, 820, 231, 0, '6', '2015-07-09 15:04:17', 1, 1),
(666, 1, 837, 837, 51, 0, '添加直接评论', '2015-07-09 16:43:45', 1, 0),
(667, 1, 837, 837, 51, 0, '直接天津唉', '2015-07-09 17:00:18', 1, 0),
(668, 1, 837, 837, 51, 0, '直接评论2（视频）', '2015-07-09 17:00:53', 1, 0),
(669, 1, 837, 837, 51, 0, '直接评论2（视频）', '2015-07-09 17:02:55', 1, 0),
(670, 1, 837, 837, 51, 0, '直接', '2015-07-09 18:43:41', 1, 0),
(671, 1, 837, 837, 51, 0, '直接评论2（视频）', '2015-07-09 18:58:02', 1, 0),
(672, 1, 837, 837, 51, 0, '直接阿克苏看到没', '2015-07-09 19:01:07', 1, 0),
(674, 1, 838, 838, 51, 673, '直接啊  lalall', '2015-07-09 19:02:00', 1, 0),
(675, 1, 837, 837, 51, 0, '直接评论2（视频）', '2015-07-09 19:06:16', 1, 0),
(676, 1, 837, 837, 51, 0, '成功 啦啊阿里啊', '2015-07-09 19:09:17', 1, 0),
(677, 3, 702, 701, 21, 0, '11', '2015-07-09 23:36:19', 1, 1),
(678, 3, 702, 701, 21, 0, '11', '2015-07-09 23:37:27', 1, 1),
(679, 3, 702, 701, 21, 0, '11', '2015-07-09 23:37:30', 1, 1),
(680, 3, 702, 701, 21, 0, '11', '2015-07-09 23:38:17', 1, 1),
(681, 3, 701, 807, 19, 0, '12', '2015-07-09 23:47:33', 1, 0),
(682, 2, 701, 701, 62, 0, '11', '2015-07-09 23:53:14', 1, 1),
(683, 1, 824, 803, 32, 0, 'Ndkxn', '2015-07-10 13:02:31', 1, 0),
(686, 1, 824, 704, 43, 0, 'Ndnzn', '2015-07-10 13:03:12', 1, 0),
(688, 3, 824, 704, 23, 0, 'Nakbsnzn', '2015-07-10 13:04:12', 1, 0),
(689, 3, 824, 704, 23, 507, 'Jsnsns', '2015-07-10 13:04:15', 1, 0),
(690, 3, 824, 704, 23, 0, 'Bxndm', '2015-07-10 13:07:25', 1, 0),
(691, 3, 702, 701, 21, 0, 'enen2', '2015-07-10 15:27:01', 1, 1),
(692, 1, 701, 701, 20, 0, '11', '2015-07-10 15:49:24', 1, 1),
(693, 3, 701, 701, 29, 0, '1', '2015-07-10 15:49:41', 1, 1),
(694, 3, 701, 701, 29, 693, '2', '2015-07-10 15:49:45', 1, 1),
(695, 3, 701, 702, 29, 637, '3', '2015-07-10 15:49:52', 1, 1),
(696, 3, 701, 701, 29, 0, '4', '2015-07-10 15:50:30', 1, 1),
(697, 3, 701, 701, 28, 0, '2', '2015-07-10 15:53:37', 1, 1),
(698, 3, 701, 702, 28, 638, '3', '2015-07-10 15:53:41', 1, 1),
(699, 3, 701, 701, 29, 0, '1', '2015-07-10 16:27:46', 1, 1),
(700, 3, 701, 701, 29, 0, '2', '2015-07-10 16:27:51', 1, 1),
(701, 3, 701, 701, 29, 0, '1', '2015-07-10 16:28:20', 1, 1),
(702, 3, 701, 701, 29, 0, '01', '2015-07-10 16:31:59', 1, 1),
(703, 3, 701, 701, 29, 702, '02', '2015-07-10 16:32:10', 1, 1),
(704, 3, 701, 702, 29, 636, '03', '2015-07-10 16:32:21', 1, 1),
(705, 3, 701, 701, 28, 0, '123', '2015-07-10 16:34:47', 1, 1),
(706, 3, 701, 701, 28, 697, '123', '2015-07-10 16:34:52', 1, 1),
(707, 3, 701, 701, 28, 0, '2', '2015-07-10 16:34:56', 1, 1),
(708, 3, 701, 701, 28, 0, '3', '2015-07-10 16:35:01', 1, 1),
(709, 3, 701, 701, 28, 708, '23', '2015-07-10 16:36:44', 1, 1),
(710, 3, 701, 701, 28, 0, '1', '2015-07-10 16:36:46', 1, 1),
(711, 3, 701, 701, 28, 0, '12', '2015-07-10 16:37:08', 1, 1),
(712, 3, 701, 701, 28, 0, '1', '2015-07-10 16:37:20', 1, 1),
(713, 3, 701, 701, 28, 0, '1', '2015-07-10 16:37:21', 1, 1),
(714, 3, 701, 701, 28, 0, '1', '2015-07-10 16:37:23', 1, 1),
(715, 3, 701, 701, 28, 0, '1', '2015-07-10 16:37:24', 1, 1),
(716, 3, 701, 701, 28, 0, '2', '2015-07-10 16:37:31', 1, 1),
(717, 3, 701, 704, 25, 0, '1', '2015-07-10 17:01:25', 1, 0),
(718, 3, 701, 820, 25, 535, '1', '2015-07-10 17:01:28', 1, 1),
(719, 3, 824, 701, 28, 0, 'Hhhhhhhhhh', '2015-07-10 17:12:40', 1, 1),
(721, 3, 701, 701, 29, 0, '2', '2015-07-10 19:09:28', 1, 1),
(722, 3, 702, 701, 29, 704, '厉害', '2015-07-10 20:00:02', 1, 1),
(723, 3, 824, 702, 29, 722, 'Ms 名', '2015-07-11 21:29:30', 1, 1),
(724, 3, 824, 701, 29, 0, '并命名明媚婆婆名工破 going 公公破后过敏你破POP明媚POP明媚POP您哦亲婆婆送规模POP磨平破坏规模哦明明你哦POP明明后破破破', '2015-07-11 22:00:47', 1, 1),
(727, 2, 820, 701, 119, 0, '7.13', '2015-07-13 12:01:00', 1, 1),
(728, 3, 820, 841, 36, 0, '712', '2015-07-13 12:01:46', 1, 1),
(729, 3, 820, 701, 29, 0, '713', '2015-07-13 12:03:05', 1, 1),
(730, 3, 820, 701, 29, 0, '713', '2015-07-13 12:03:52', 1, 1),
(731, 2, 820, 703, 79, 0, '7.13', '2015-07-13 12:06:54', 1, 0),
(732, 2, 820, 704, 94, 0, '713', '2015-07-13 12:07:09', 1, 0),
(733, 2, 820, 703, 86, 0, '7.14', '2015-07-13 12:07:34', 1, 0),
(738, 1, 824, 701, 20, 0, 'Fui', '2015-07-13 14:20:00', 1, 1),
(739, 1, 824, 824, 20, 738, 'Fj', '2015-07-13 14:20:05', 1, 1),
(740, 1, 844, 701, 20, 0, '真好', '2015-07-13 20:06:21', 1, 1),
(741, 3, 701, 701, 21, 0, '1', '2015-07-13 23:31:34', 1, 1),
(742, 3, 701, 701, 21, 0, '1', '2015-07-13 23:31:35', 1, 1),
(743, 3, 701, 701, 21, 0, '1', '2015-07-13 23:31:37', 1, 1),
(744, 3, 701, 701, 21, 0, '1', '2015-07-13 23:31:38', 1, 1),
(745, 3, 701, 701, 21, 0, '2', '2015-07-13 23:31:43', 1, 1),
(746, 3, 701, 701, 21, 0, '3', '2015-07-13 23:31:44', 1, 1),
(747, 3, 701, 701, 21, 0, '4', '2015-07-13 23:31:46', 1, 1),
(748, 3, 701, 701, 21, 0, '5', '2015-07-13 23:31:47', 1, 1),
(749, 3, 701, 701, 21, 0, '6', '2015-07-13 23:31:48', 1, 1),
(750, 3, 701, 701, 21, 0, '7', '2015-07-13 23:31:49', 1, 1),
(751, 3, 701, 701, 21, 0, '8', '2015-07-13 23:31:52', 1, 1),
(752, 3, 701, 701, 21, 0, 'B', '2015-07-13 23:31:54', 1, 1),
(753, 3, 701, 701, 21, 0, 'N', '2015-07-13 23:31:55', 1, 1),
(754, 3, 701, 701, 21, 0, 'K', '2015-07-13 23:31:57', 1, 1),
(755, 3, 701, 701, 21, 0, 'U', '2015-07-13 23:31:58', 1, 1),
(756, 1, 845, 701, 20, 0, '厉害', '2015-07-14 13:05:54', 1, 1),
(757, 3, 824, 0, 14, 0, 'Fhjj', '2015-07-15 13:33:22', 1, 0),
(758, 2, 824, 702, 204, 0, 'Fhjj', '2015-07-15 13:34:56', 1, 1),
(759, 2, 824, 702, 204, 0, 'Chkl', '2015-07-15 13:37:54', 1, 1),
(760, 2, 824, 702, 204, 0, 'Fhjjk', '2015-07-15 13:38:02', 1, 1),
(761, 2, 824, 702, 204, 0, 'Pppp', '2015-07-15 13:38:11', 1, 1),
(762, 2, 824, 702, 204, 0, ' Nl', '2015-07-15 13:38:48', 1, 1),
(763, 2, 824, 702, 204, 0, 'Ghkk', '2015-07-15 13:40:15', 1, 1),
(764, 2, 824, 705, 207, 0, 'Ghii', '2015-07-15 14:00:47', 1, 1),
(765, 2, 824, 705, 144, 0, 'Hopp', '2015-07-15 14:06:26', 1, 1),
(766, 2, 824, 705, 144, 0, 'Fhj', '2015-07-15 14:06:29', 1, 1),
(767, 2, 824, 705, 144, 0, 'Gjk', '2015-07-15 14:06:47', 1, 1),
(768, 2, 824, 707, 76, 0, 'Fgh', '2015-07-15 14:07:13', 1, 0),
(769, 2, 824, 707, 76, 0, 'Hjk', '2015-07-15 14:07:16', 1, 0),
(770, 2, 824, 702, 204, 0, 'Ghj', '2015-07-15 14:07:55', 1, 1),
(771, 2, 824, 302, 14, 0, 'Chik', '2015-07-15 14:08:05', 1, 0),
(772, 2, 824, 302, 14, 0, 'Hhj', '2015-07-15 14:08:07', 1, 0),
(773, 2, 824, 302, 14, 0, 'Bhi', '2015-07-15 14:08:12', 1, 0),
(774, 2, 824, 702, 204, 0, 'Ghhj', '2015-07-15 14:08:23', 1, 1),
(775, 2, 824, 702, 204, 0, 'Fgjj', '2015-07-15 14:13:11', 1, 1),
(776, 2, 824, 703, 205, 0, 'Gui', '2015-07-15 14:14:53', 1, 0),
(777, 2, 824, 703, 205, 0, 'Vhk', '2015-07-15 14:14:56', 1, 0),
(778, 2, 824, 703, 205, 0, 'Ghj', '2015-07-15 14:14:59', 1, 0),
(779, 2, 824, 703, 205, 0, 'Vnji', '2015-07-15 14:15:12', 1, 0),
(780, 2, 824, 302, 14, 0, 'Guio', '2015-07-15 14:18:47', 1, 0),
(781, 2, 824, 302, 14, 0, 'Hi', '2015-07-15 14:26:06', 1, 0),
(782, 2, 824, 302, 14, 0, 'Cklk', '2015-07-15 14:29:23', 1, 0),
(783, 2, 824, 824, 14, 782, 'Hjkk', '2015-07-15 14:31:21', 1, 1),
(784, 2, 824, 824, 14, 781, 'Ghhjk', '2015-07-15 14:31:33', 1, 1),
(785, 2, 824, 703, 142, 0, 'Ghhjg', '2015-07-15 14:32:02', 1, 0),
(786, 2, 824, 703, 142, 0, 'Cho', '2015-07-15 14:32:04', 1, 0),
(787, 2, 824, 703, 142, 0, 'Chk', '2015-07-15 14:32:08', 1, 0),
(788, 2, 824, 703, 142, 0, 'Vhj', '2015-07-15 14:32:11', 1, 0),
(789, 2, 705, 703, 142, 0, '了解了', '2015-07-15 14:34:07', 1, 0),
(790, 2, 824, 705, 144, 0, 'Ghjj', '2015-07-15 15:02:00', 1, 1),
(791, 1, 843, 701, 20, 0, 'bjjj', '2015-07-16 09:13:48', 1, 0),
(792, 3, 843, 820, 37, 0, '看看', '2015-07-16 09:16:40', 1, 0),
(793, 2, 841, 701, 44, 0, '好', '2015-07-16 19:07:13', 1, 0),
(794, 1, 824, 101, 57, 0, 'Fhhhffhj', '2015-07-19 17:09:45', 1, 0),
(795, 1, 824, 101, 57, 0, 'Vbncn', '2015-07-19 17:09:56', 1, 0),
(796, 1, 824, 705, 38, 0, 'Bll', '2015-07-19 17:11:58', 1, 1),
(797, 2, 824, 701, 112, 0, 'Chj', '2015-07-19 19:32:40', 1, 0),
(798, 2, 824, 701, 112, 0, 'Ghj', '2015-07-19 19:32:45', 1, 0),
(799, 2, 824, 701, 112, 0, 'Ghjl', '2015-07-19 19:32:48', 1, 0),
(800, 2, 824, 824, 112, 797, 'Gjkl', '2015-07-19 19:32:56', 1, 1),
(801, 2, 824, 701, 112, 0, 'Gjkl', '2015-07-19 19:33:02', 1, 0),
(802, 2, 824, 704, 66, 0, 'Hui', '2015-07-19 19:52:16', 1, 0),
(803, 2, 824, 704, 66, 0, 'Vhjk', '2015-07-19 19:52:19', 1, 0),
(804, 2, 824, 704, 66, 0, 'Hhjk', '2015-07-19 19:52:24', 1, 0),
(805, 2, 824, 820, 237, 0, 'Tujhj', '2015-07-19 19:54:00', 1, 0),
(806, 2, 824, 820, 237, 0, 'Hkk', '2015-07-19 19:54:05', 1, 0),
(807, 2, 824, 820, 237, 0, 'Gio', '2015-07-19 19:54:08', 1, 0),
(808, 1, 824, 801, 4, 0, 'Cllp', '2015-07-19 20:52:57', 1, 0),
(809, 1, 824, 801, 4, 0, 'Fhh', '2015-07-19 20:53:03', 1, 0),
(810, 1, 824, 801, 4, 0, 'Drhh', '2015-07-19 20:53:16', 1, 0),
(811, 1, 824, 801, 17, 0, 'Cbnj', '2015-07-19 20:53:29', 1, 0),
(812, 1, 824, 801, 17, 0, 'Huio', '2015-07-19 20:53:31', 1, 0),
(813, 1, 824, 803, 22, 0, 'Fghj', '2015-07-19 20:54:33', 1, 0),
(814, 1, 824, 803, 22, 0, 'Ghj', '2015-07-19 20:54:40', 1, 0),
(815, 1, 824, 803, 22, 0, 'Cgh', '2015-07-19 20:54:51', 1, 0),
(816, 1, 824, 803, 22, 0, 'Cvj', '2015-07-19 20:55:12', 1, 0),
(817, 1, 824, 803, 22, 0, 'Bhj', '2015-07-19 21:10:06', 1, 0),
(818, 1, 824, 803, 22, 0, 'Vhj', '2015-07-19 21:10:10', 1, 0),
(819, 1, 824, 841, 17, 641, 'Chj', '2015-07-19 21:12:41', 1, 1),
(820, 1, 824, 824, 17, 812, 'Cjjk', '2015-07-19 21:12:46', 1, 1),
(821, 1, 824, 824, 17, 812, 'Fgj', '2015-07-19 21:12:55', 1, 1),
(822, 1, 824, 705, 38, 0, 'Fghj', '2015-07-19 21:18:52', 1, 1),
(823, 1, 824, 841, 38, 593, 'Fhj', '2015-07-19 21:19:39', 1, 1),
(824, 2, 843, 703, 205, 0, '了', '2015-07-20 09:21:58', 1, 0),
(825, 1, 824, 101, 57, 0, 'Ghiiuu', '2015-07-20 15:16:17', 1, 0),
(826, 1, 702, 703, 20, 497, '1', '2015-07-20 16:45:16', 1, 0),
(827, 2, 824, 101, 209, 0, 'Bskxnck', '2015-07-20 16:52:17', 1, 0),
(828, 2, 824, 707, 118, 0, 'Jcmdkdk ', '2015-07-20 16:52:38', 1, 0),
(829, 3, 824, 701, 28, 0, 'Ching ', '2015-07-20 16:53:07', 1, 0),
(830, 3, 702, 701, 21, 0, '对生命壹号的文章进行直接评论', '2015-07-20 19:15:15', 1, 1),
(831, 3, 846, 702, 21, 830, '在生命壹号的文章中，对生命贰号进行评论', '2015-07-20 19:18:50', 1, 1),
(832, 1, 701, 805, 36, 0, '1', '2015-07-20 19:54:52', 1, 0),
(833, 1, 702, 846, 57, 831, 'i', '2015-07-20 19:58:27', 1, 1),
(834, 3, 702, 701, 29, 695, 'e', '2015-07-20 20:04:52', 1, 1),
(835, 3, 702, 846, 21, 831, '啊', '2015-07-20 20:05:11', 1, 1),
(836, 3, 702, 846, 21, 831, '啊', '2015-07-20 20:05:11', 1, 1),
(837, 3, 702, 701, 21, 0, '啊', '2015-07-20 20:05:29', 1, 1),
(838, 1, 824, 701, 20, 0, 'Ghjk', '2015-07-21 15:45:14', 1, 0),
(839, 1, 824, 701, 20, 0, 'Vhjvcvjj', '2015-07-21 15:45:35', 1, 0),
(840, 1, 824, 702, 57, 833, 'Gjnvjj', '2015-07-21 15:49:53', 1, 0),
(841, 2, 824, 701, 203, 0, 'Bdkkdkd', '2015-07-21 15:52:55', 1, 1),
(842, 2, 824, 701, 203, 0, 'Jkdkd', '2015-07-21 15:53:00', 1, 1),
(843, 2, 705, 824, 237, 807, '笼统', '2015-07-21 23:10:16', 1, 1),
(844, 2, 824, 820, 237, 0, '同mo', '2015-07-22 12:26:22', 1, 0),
(845, 2, 824, 820, 237, 0, '  痛痛', '2015-07-22 12:26:30', 1, 0),
(846, 2, 824, 820, 237, 0, '痛咯雨', '2015-07-22 12:26:36', 1, 0),
(847, 2, 824, 820, 237, 0, '太可怜咯哦', '2015-07-22 12:26:54', 1, 0),
(848, 2, 824, 824, 237, 847, '可 Tom 咯哦', '2015-07-22 12:27:12', 1, 1),
(849, 2, 824, 820, 237, 0, '默默', '2015-07-22 12:27:22', 1, 0),
(850, 3, 705, 701, 28, 0, 'top敏敏', '2015-07-22 13:26:06', 1, 1),
(851, 3, 824, 705, 28, 850, 'Fhhhhgjjju', '2015-07-22 13:28:25', 1, 1),
(852, 2, 824, 401, 17, 0, '看看咯', '2015-07-22 16:00:50', 1, 0),
(853, 1, 824, 706, 48, 0, '你以为', '2015-07-22 16:27:46', 1, 0),
(854, 1, 824, 706, 48, 0, '孩子一样', '2015-07-22 16:27:53', 1, 0),
(855, 1, 824, 701, 3, 0, '同我讲我', '2015-07-22 16:29:01', 1, 1),
(856, 1, 824, 701, 3, 0, '空间', '2015-07-22 16:29:05', 1, 1),
(857, 1, 824, 705, 1, 0, '8口', '2015-07-22 16:29:12', 1, 1),
(858, 1, 824, 804, 34, 0, '你易信', '2015-07-22 16:29:34', 1, 0),
(859, 1, 824, 801, 17, 0, '明明', '2015-07-22 16:29:51', 1, 0),
(860, 1, 824, 705, 1, 0, '我泼猴', '2015-07-22 16:30:00', 1, 1),
(861, 1, 824, 705, 1, 0, '我泼猴', '2015-07-22 16:30:07', 1, 1),
(862, 1, 824, 705, 1, 0, '秘密', '2015-07-22 16:32:03', 1, 1),
(863, 1, 705, 824, 57, 840, '明明', '2015-07-23 10:32:05', 1, 1),
(864, 1, 705, 824, 57, 840, '明明', '2015-07-23 10:32:06', 1, 1),
(865, 1, 705, 824, 57, 840, '明明', '2015-07-23 10:32:20', 1, 1),
(866, 1, 705, 824, 57, 840, '明明', '2015-07-23 10:32:22', 1, 1),
(867, 1, 705, 824, 57, 840, '明明滴定', '2015-07-23 10:32:38', 1, 1),
(868, 1, 705, 824, 57, 840, '明明滴定', '2015-07-23 10:32:39', 1, 1),
(869, 1, 705, 824, 57, 840, '明明滴定', '2015-07-23 10:32:40', 1, 1),
(870, 1, 705, 824, 57, 840, '明明滴定', '2015-07-23 10:32:40', 1, 1),
(871, 1, 705, 824, 57, 840, '明明滴定', '2015-07-23 10:32:40', 1, 1),
(872, 1, 705, 824, 38, 822, '明明', '2015-07-23 10:42:36', 1, 1),
(873, 1, 705, 824, 38, 822, '明明', '2015-07-23 10:42:37', 1, 1),
(874, 1, 705, 824, 38, 822, '明明', '2015-07-23 10:42:38', 1, 1),
(875, 1, 705, 824, 38, 822, '明明', '2015-07-23 10:42:38', 1, 1),
(876, 1, 705, 824, 38, 822, '明明', '2015-07-23 10:42:38', 1, 1),
(877, 1, 705, 824, 38, 822, '明明', '2015-07-23 10:42:38', 1, 1),
(878, 1, 705, 824, 38, 822, '明明', '2015-07-23 10:42:38', 1, 1),
(879, 1, 705, 824, 38, 822, '明明', '2015-07-23 10:42:38', 1, 1),
(880, 1, 705, 824, 38, 822, '明明', '2015-07-23 10:42:38', 1, 1),
(881, 1, 705, 824, 38, 822, '明明', '2015-07-23 10:42:41', 1, 1),
(882, 1, 705, 824, 38, 822, '明明', '2015-07-23 10:42:41', 1, 1),
(883, 1, 705, 824, 38, 822, '明明', '2015-07-23 10:42:42', 1, 1),
(884, 1, 705, 824, 38, 822, '明明', '2015-07-23 10:42:42', 1, 1),
(885, 1, 705, 824, 38, 822, '明明', '2015-07-23 10:42:42', 1, 1),
(886, 1, 705, 824, 38, 822, '明明', '2015-07-23 10:42:43', 1, 1),
(887, 1, 705, 824, 38, 822, '明明', '2015-07-23 10:42:43', 1, 1),
(888, 1, 705, 824, 38, 822, '明明', '2015-07-23 10:42:43', 1, 1),
(889, 1, 705, 824, 38, 822, '明明', '2015-07-23 10:42:44', 1, 1),
(890, 1, 705, 824, 38, 822, '明明', '2015-07-23 10:42:44', 1, 1),
(891, 1, 705, 824, 38, 822, '明明', '2015-07-23 10:42:44', 1, 1),
(892, 1, 705, 824, 38, 822, '明明', '2015-07-23 10:42:44', 1, 1),
(893, 1, 705, 824, 38, 822, '明明', '2015-07-23 10:42:44', 1, 1),
(894, 1, 705, 824, 38, 822, '明明', '2015-07-23 10:42:45', 1, 1),
(895, 1, 705, 824, 38, 822, '明明', '2015-07-23 10:42:45', 1, 1),
(896, 1, 705, 824, 38, 822, '明明', '2015-07-23 10:42:45', 1, 1),
(897, 1, 705, 824, 38, 822, '明明', '2015-07-23 10:42:45', 1, 1),
(898, 1, 705, 824, 38, 822, '明明', '2015-07-23 10:42:45', 1, 1),
(899, 1, 705, 824, 38, 822, '明明', '2015-07-23 10:42:46', 1, 1),
(900, 1, 705, 824, 38, 822, '明明', '2015-07-23 10:42:46', 1, 1),
(901, 1, 705, 824, 38, 822, '明明', '2015-07-23 10:42:47', 1, 1),
(902, 1, 705, 824, 38, 822, '明明', '2015-07-23 10:42:47', 1, 1),
(903, 1, 705, 824, 38, 822, '明明', '2015-07-23 10:42:47', 1, 1),
(904, 1, 705, 824, 38, 822, '明明', '2015-07-23 10:42:47', 1, 1),
(905, 1, 705, 824, 38, 822, '明明', '2015-07-23 10:42:47', 1, 1),
(906, 1, 705, 824, 38, 822, '明明', '2015-07-23 10:42:48', 1, 1),
(907, 1, 705, 824, 38, 822, '明明', '2015-07-23 10:42:50', 1, 1),
(908, 1, 705, 824, 38, 822, '明明', '2015-07-23 10:42:50', 1, 1),
(909, 1, 705, 824, 38, 822, '明明', '2015-07-23 10:42:50', 1, 1),
(910, 1, 705, 824, 38, 822, '明明', '2015-07-23 10:42:50', 1, 1),
(911, 1, 705, 824, 38, 822, '明明', '2015-07-23 10:42:50', 1, 1),
(912, 1, 705, 824, 38, 822, '明明', '2015-07-23 10:42:52', 1, 1),
(913, 1, 705, 824, 38, 822, '明明', '2015-07-23 10:42:52', 1, 1),
(914, 1, 705, 824, 38, 822, '明明', '2015-07-23 10:42:52', 1, 1),
(915, 1, 705, 824, 38, 822, '明明', '2015-07-23 10:42:53', 1, 1),
(916, 1, 705, 824, 38, 822, '明明', '2015-07-23 10:42:54', 1, 1),
(917, 1, 701, 702, 40, 0, '哈', '2015-07-23 10:42:58', 1, 0),
(918, 1, 701, 702, 40, 0, '哈', '2015-07-23 10:42:59', 1, 0),
(919, 1, 705, 824, 38, 822, '明明', '2015-07-23 10:43:01', 1, 1),
(920, 1, 705, 824, 38, 822, '明明', '2015-07-23 10:43:01', 1, 1),
(921, 1, 705, 824, 38, 822, '的', '2015-07-23 10:43:04', 1, 1),
(922, 1, 705, 824, 38, 822, '的', '2015-07-23 10:43:04', 1, 1),
(923, 1, 705, 824, 38, 822, '的', '2015-07-23 10:43:05', 1, 1),
(924, 1, 705, 824, 38, 822, '的', '2015-07-23 10:43:06', 1, 1),
(925, 1, 705, 824, 38, 822, '的', '2015-07-23 10:43:06', 1, 1),
(926, 1, 705, 824, 38, 822, '的', '2015-07-23 10:43:06', 1, 1),
(927, 1, 705, 824, 38, 822, '的', '2015-07-23 10:43:06', 1, 1),
(928, 1, 705, 824, 38, 822, '的', '2015-07-23 10:43:06', 1, 1),
(929, 1, 705, 824, 38, 822, '的', '2015-07-23 10:43:07', 1, 1),
(930, 1, 705, 824, 38, 822, '的', '2015-07-23 10:43:07', 1, 1),
(931, 1, 705, 824, 38, 822, '的', '2015-07-23 10:43:07', 1, 1),
(932, 1, 705, 824, 38, 822, '的', '2015-07-23 10:43:07', 1, 1),
(933, 1, 705, 824, 38, 822, '的', '2015-07-23 10:43:07', 1, 1),
(934, 1, 705, 824, 38, 822, '的', '2015-07-23 10:43:08', 1, 1),
(935, 1, 705, 824, 38, 822, '的', '2015-07-23 10:43:08', 1, 1),
(936, 1, 705, 824, 38, 822, '的', '2015-07-23 10:43:08', 1, 1),
(937, 1, 705, 824, 38, 822, '的', '2015-07-23 10:43:08', 1, 1),
(938, 1, 824, 705, 57, 869, 'Gllggk', '2015-07-23 10:43:59', 1, 1),
(939, 2, 824, 705, 67, 0, 'Gighj', '2015-07-23 14:38:03', 1, 1),
(940, 1, 824, 101, 57, 0, 'Cjihh', '2015-07-23 21:26:21', 1, 0),
(941, 1, 824, 101, 57, 0, 'Hijvv', '2015-07-23 21:26:24', 1, 0),
(942, 2, 824, 820, 237, 0, 'Fyu', '2015-07-23 22:05:41', 1, 0),
(943, 2, 824, 702, 204, 0, 'Chj', '2015-07-23 22:18:12', 1, 0),
(944, 3, 824, 701, 28, 0, 'Tyyu', '2015-07-23 22:45:27', 1, 0),
(945, 3, 824, 701, 28, 0, 'Guii', '2015-07-23 22:48:02', 1, 0),
(946, 3, 824, 701, 28, 0, 'Guii', '2015-07-23 22:50:57', 1, 0),
(947, 1, 824, 101, 57, 0, 'Ghh', '2015-07-23 22:53:40', 1, 0),
(948, 1, 705, 101, 57, 0, '明明', '2015-07-23 22:55:14', 1, 0),
(949, 1, 705, 701, 20, 0, '明明', '2015-07-23 22:55:27', 1, 0),
(950, 1, 705, 701, 20, 0, '明明', '2015-07-23 22:55:35', 1, 0),
(951, 1, 824, 101, 57, 0, 'Ghj', '2015-07-23 23:15:32', 1, 0),
(952, 1, 824, 101, 57, 0, 'Ghj', '2015-07-23 23:15:35', 1, 0),
(953, 1, 824, 101, 57, 0, 'Guj', '2015-07-23 23:15:39', 1, 0),
(954, 1, 824, 101, 57, 0, 'Cgh', '2015-07-23 23:16:42', 1, 0),
(955, 1, 824, 101, 57, 0, 'Hui', '2015-07-23 23:16:44', 1, 0),
(956, 1, 824, 101, 57, 0, 'Uui', '2015-07-23 23:16:47', 1, 0),
(957, 1, 824, 101, 57, 0, 'Cvh', '2015-07-23 23:18:02', 1, 0),
(958, 2, 824, 702, 204, 0, 'Hoo', '2015-07-23 23:21:01', 1, 0),
(959, 2, 824, 820, 237, 0, 'I''m oiu', '2015-07-23 23:26:19', 1, 0),
(960, 3, 824, 701, 29, 0, 'Tuuhk', '2015-07-24 13:16:08', 1, 0),
(961, 2, 824, 820, 237, 0, 'Chjj', '2015-07-27 09:25:56', 1, 0),
(962, 2, 824, 824, 237, 959, 'Tjkk', '2015-07-27 09:26:06', 1, 1),
(963, 1, 847, 702, 40, 0, '多沟通\n', '2015-07-28 15:16:13', 1, 0),
(964, 1, 847, 702, 40, 0, '多沟通\n', '2015-07-28 15:16:14', 1, 0),
(965, 1, 847, 702, 40, 0, '多沟通\n', '2015-07-28 15:16:14', 1, 0),
(966, 1, 847, 101, 57, 0, '横扫僵尸', '2015-07-28 15:22:16', 1, 0),
(967, 1, 847, 701, 20, 0, 'ID你的决定', '2015-07-28 15:22:38', 1, 0),
(968, 3, 847, 701, 29, 0, '很多很多吧', '2015-07-28 15:23:44', 1, 0),
(969, 3, 847, 824, 23, 688, '好多呢肥牛饭', '2015-07-28 15:24:49', 1, 1),
(970, 3, 847, 704, 22, 506, '好吃吗', '2015-07-28 15:25:27', 1, 0),
(971, 1, 847, 806, 46, 0, '混的不错绝对的', '2015-07-28 15:26:19', 1, 0),
(972, 1, 847, 847, 46, 971, '混的不错绝对的', '2015-07-28 15:26:28', 1, 1),
(973, 1, 847, 702, 40, 0, '很多很多记得记得监督检查你才假', '2015-07-28 15:29:08', 1, 0),
(974, 1, 847, 702, 40, 0, '很多很多记得记得监督检查你才假', '2015-07-28 15:29:09', 1, 0),
(975, 1, 847, 705, 1, 0, '快递费弄饭', '2015-07-28 15:29:25', 1, 1),
(976, 2, 847, 703, 79, 0, '好多个u等你醋', '2015-07-28 15:43:16', 1, 0),
(977, 2, 847, 704, 143, 0, '减肥呢堵车', '2015-07-28 15:43:33', 1, 0),
(978, 2, 847, 702, 204, 0, '还堵车不打电话', '2015-07-28 15:44:24', 1, 0),
(979, 1, 847, 101, 57, 0, '还行吧度多喝点', '2015-07-28 15:44:50', 1, 0),
(980, 1, 847, 801, 17, 0, '很堵融合度', '2015-07-28 15:45:50', 1, 0),
(981, 1, 847, 824, 3, 855, '不大好超大杯超大杯', '2015-07-28 15:47:32', 1, 1),
(982, 3, 847, 701, 21, 0, '好多呢u的地方地', '2015-07-28 15:53:57', 1, 0),
(983, 1, 847, 101, 57, 0, '好滴_醋', '2015-07-28 16:01:08', 1, 0),
(984, 1, 847, 806, 46, 0, '好好的被堵喜欢', '2015-07-28 16:01:25', 1, 0),
(985, 1, 847, 806, 46, 0, '好好的被堵喜欢', '2015-07-28 16:01:26', 1, 0),
(986, 2, 847, 705, 207, 0, '回复i发酒疯', '2015-07-28 16:03:01', 1, 1),
(987, 1, 847, 101, 57, 0, '%很堵多喝点', '2015-07-28 16:07:47', 1, 0),
(988, 1, 847, 101, 57, 0, '处境尴尬金额', '2015-07-28 16:35:03', 1, 0),
(989, 2, 847, 702, 204, 0, '废话发酒疯', '2015-07-28 16:36:12', 1, 0),
(990, 2, 847, 702, 204, 0, '废话发酒疯', '2015-07-28 16:36:12', 1, 0),
(991, 1, 847, 702, 40, 0, '美美滴', '2015-07-28 17:53:09', 1, 0),
(992, 1, 847, 702, 40, 0, '美美滴', '2015-07-28 17:53:09', 1, 0),
(993, 1, 701, 101, 57, 0, '嗯', '2015-07-28 18:36:34', 1, 0),
(994, 1, 847, 804, 34, 0, '更多%孤独的好多人吧', '2015-07-29 09:58:19', 1, 0),
(995, 1, 847, 701, 20, 0, '就是不说当护士', '2015-07-29 10:02:17', 1, 0),
(996, 1, 847, 805, 45, 0, '公司的v盖不到v吃', '2015-07-29 10:04:34', 1, 0),
(997, 1, 847, 703, 42, 0, 'v个v方便v不_发给不吃饭vvv个vv干活吧v感觉', '2015-07-29 10:05:13', 1, 0),
(998, 1, 847, 703, 42, 0, 'v个v方便v不_发给不吃饭vvv个vv干活吧v感觉', '2015-07-29 10:05:13', 1, 0),
(999, 1, 824, 101, 57, 0, '明明', '2015-08-03 16:56:09', 1, 0),
(1000, 1, 824, 705, 1, 0, '龙', '2015-08-03 16:57:59', 1, 0);

-- --------------------------------------------------------

--
-- 表的结构 `t_contenttype`
--

CREATE TABLE IF NOT EXISTS `t_contenttype` (
  `id` int(11) NOT NULL AUTO_INCREMENT,
  `name` varchar(255) DEFAULT NULL,
  `title` varchar(255) DEFAULT NULL,
  PRIMARY KEY (`id`)
) ENGINE=InnoDB  DEFAULT CHARSET=utf8 AUTO_INCREMENT=4 ;

--
-- 转存表中的数据 `t_contenttype`
--

INSERT INTO `t_contenttype` (`id`, `name`, `title`) VALUES
(1, 'video', '视频'),
(2, 'art', '艺术品'),
(3, 'page', ' 文章');

-- --------------------------------------------------------

--
-- 表的结构 `t_favor`
--

CREATE TABLE IF NOT EXISTS `t_favor` (
  `id` int(11) NOT NULL AUTO_INCREMENT,
  `typeid` int(11) DEFAULT NULL,
  `userid` int(11) DEFAULT NULL,
  `targetid` int(11) DEFAULT NULL,
  `createtime` datetime DEFAULT NULL,
  PRIMARY KEY (`id`)
) ENGINE=InnoDB  DEFAULT CHARSET=utf8 AUTO_INCREMENT=812 ;

--
-- 转存表中的数据 `t_favor`
--

INSERT INTO `t_favor` (`id`, `typeid`, `userid`, `targetid`, `createtime`) VALUES
(492, 1, 841, 34, '2015-07-09 11:11:59'),
(493, 1, 841, 38, '2015-07-09 11:12:27'),
(494, 3, 841, 28, '2015-07-09 11:13:31'),
(495, 3, 841, 29, '2015-07-09 11:14:40'),
(496, 3, 841, 25, '2015-07-09 11:14:58'),
(497, 1, 841, 4, '2015-07-09 11:16:39'),
(498, 1, 841, 17, '2015-07-09 11:16:40'),
(499, 1, 841, 3, '2015-07-09 11:17:23'),
(502, 1, 841, 20, '2015-07-09 15:26:03'),
(503, 1, 841, 30, '2015-07-09 15:51:04'),
(504, 3, 841, 20, '2015-07-09 16:16:20'),
(505, 2, 824, 154, '2015-07-10 09:13:30'),
(507, 2, 841, 69, '2015-07-10 19:47:11'),
(524, 1, 820, 20, '2015-07-13 11:52:46'),
(525, 2, 820, 119, '2015-07-13 12:00:53'),
(526, 3, 820, 36, '2015-07-13 12:02:04'),
(527, 2, 820, 79, '2015-07-13 12:06:46'),
(528, 1, 820, 38, '2015-07-13 12:11:25'),
(529, 1, 820, 36, '2015-07-13 12:11:27'),
(535, 1, 705, 36, '2015-07-13 12:43:45'),
(542, 2, 824, 69, '2015-07-13 17:59:25'),
(543, 1, 844, 20, '2015-07-13 20:06:09'),
(544, 3, 844, 21, '2015-07-13 20:07:10'),
(545, 2, 844, 232, '2015-07-13 20:35:55'),
(573, 1, 841, 46, '2015-07-14 12:29:01'),
(574, 1, 841, 45, '2015-07-14 12:29:04'),
(575, 1, 841, 36, '2015-07-14 12:54:19'),
(576, 1, 841, 32, '2015-07-14 12:54:22'),
(577, 1, 841, 27, '2015-07-14 12:54:25'),
(605, 1, 824, 34, '2015-07-14 14:01:12'),
(641, 3, 841, 21, '2015-07-14 22:21:46'),
(644, 2, 841, 234, '2015-07-14 22:23:28'),
(645, 2, 701, 235, '2015-07-15 00:01:54'),
(675, 2, 824, 204, '2015-07-15 11:18:34'),
(677, 2, 824, 15, '2015-07-15 11:24:50'),
(678, 1, 701, 36, '2015-07-15 13:23:05'),
(679, 1, 701, 34, '2015-07-15 13:23:06'),
(680, 1, 701, 32, '2015-07-15 13:23:08'),
(683, 3, 701, 25, '2015-07-15 16:36:34'),
(687, 3, 701, 37, '2015-07-15 17:08:48'),
(692, 3, 701, 35, '2015-07-15 17:11:45'),
(694, 3, 701, 20, '2015-07-15 17:17:48'),
(696, 3, 701, 24, '2015-07-15 17:21:39'),
(699, 2, 701, 44, '2015-07-15 17:27:26'),
(700, 1, 843, 20, '2015-07-16 09:13:42'),
(703, 2, 824, 208, '2015-07-16 16:36:32'),
(705, 3, 841, 36, '2015-07-16 18:18:59'),
(706, 3, 841, 35, '2015-07-16 18:25:09'),
(707, 3, 841, 24, '2015-07-16 18:56:02'),
(709, 2, 841, 205, '2015-07-16 19:16:51'),
(710, 2, 841, 207, '2015-07-16 19:17:07'),
(711, 2, 841, 22, '2015-07-16 19:17:17'),
(716, 3, 702, 28, '2015-07-16 21:35:46'),
(725, 1, 702, 42, '2015-07-16 22:55:06'),
(727, 1, 702, 46, '2015-07-16 23:06:43'),
(732, 3, 701, 28, '2015-07-16 23:39:56'),
(734, 2, 702, 205, '2015-07-17 00:18:11'),
(743, 1, 702, 49, '2015-07-17 03:15:26'),
(747, 1, 702, 57, '2015-07-17 19:48:59'),
(749, 3, 702, 29, '2015-07-17 20:03:23'),
(751, 1, 701, 57, '2015-07-17 20:18:26'),
(753, 1, 701, 40, '2015-07-17 21:35:40'),
(755, 2, 824, 66, '2015-07-19 19:52:31'),
(756, 1, 824, 4, '2015-07-19 20:53:40'),
(760, 1, 824, 22, '2015-07-19 20:54:17'),
(762, 2, 843, 205, '2015-07-20 09:22:01'),
(763, 3, 843, 37, '2015-07-20 09:28:00'),
(765, 2, 701, 237, '2015-07-20 17:06:36'),
(766, 2, 701, 62, '2015-07-20 17:11:10'),
(769, 3, 701, 23, '2015-07-20 18:48:10'),
(770, 3, 701, 22, '2015-07-20 18:48:20'),
(771, 3, 701, 21, '2015-07-20 18:48:21'),
(772, 3, 701, 29, '2015-07-20 20:07:15'),
(773, 1, 841, 57, '2015-07-20 20:38:23'),
(775, 2, 824, 112, '2015-07-22 15:15:54'),
(778, 2, 824, 14, '2015-07-22 15:58:36'),
(779, 1, 824, 48, '2015-07-22 16:32:15'),
(780, 1, 845, 57, '2015-07-26 10:34:55'),
(781, 2, 824, 237, '2015-07-27 09:26:32'),
(782, 2, 824, 203, '2015-07-27 09:31:12'),
(784, 2, 847, 237, '2015-07-28 15:21:20'),
(785, 3, 847, 24, '2015-07-28 15:24:05'),
(786, 1, 847, 45, '2015-07-28 15:28:37'),
(787, 2, 847, 94, '2015-07-28 15:42:37'),
(788, 1, 701, 20, '2015-07-28 16:05:08'),
(789, 1, 847, 57, '2015-07-28 16:36:52'),
(790, 2, 847, 234, '2015-07-28 16:55:51'),
(793, 3, 705, 29, '2015-07-29 10:21:23'),
(796, 3, 824, 25, '2015-07-29 10:49:41'),
(797, 3, 824, 24, '2015-07-29 10:49:46'),
(799, 1, 824, 38, '2015-07-29 10:50:42'),
(800, 1, 824, 20, '2015-07-29 10:50:43'),
(801, 1, 824, 36, '2015-07-29 10:50:48'),
(802, 1, 824, 27, '2015-07-29 10:50:55'),
(804, 3, 824, 23, '2015-07-29 10:54:31'),
(805, 1, 824, 57, '2015-07-29 10:54:36'),
(811, 3, 824, 28, '2015-07-29 11:04:33');

-- --------------------------------------------------------

--
-- 表的结构 `t_follow`
--

CREATE TABLE IF NOT EXISTS `t_follow` (
  `id` int(11) NOT NULL AUTO_INCREMENT,
  `userid` int(11) DEFAULT NULL,
  `targetid` int(11) DEFAULT NULL,
  `createtime` datetime DEFAULT NULL,
  PRIMARY KEY (`id`)
) ENGINE=InnoDB  DEFAULT CHARSET=utf8 AUTO_INCREMENT=841 ;

--
-- 转存表中的数据 `t_follow`
--

INSERT INTO `t_follow` (`id`, `userid`, `targetid`, `createtime`) VALUES
(1, 12, 7, '2015-04-10 19:54:53'),
(2, 7, 8, '2015-04-10 19:55:28'),
(3, 8, 7, '2015-04-10 19:55:38'),
(4, 9, 9, '2015-04-10 19:55:50'),
(5, 10, 8, '2015-04-10 19:56:05'),
(6, 12, 8, '2015-05-05 10:37:54'),
(7, 704, 8, '2015-06-23 21:57:00'),
(8, 704, 7, '2015-06-23 21:57:06'),
(9, 704, 9, '2015-06-23 21:57:08'),
(10, 9, 704, '2015-06-23 21:57:54'),
(72, 702, 807, '2015-06-28 10:18:35'),
(132, 704, 803, '2015-07-01 00:19:05'),
(278, 703, 705, '2015-07-03 19:42:57'),
(280, 703, 707, '2015-07-03 19:43:13'),
(285, 705, 836, '2015-07-03 21:12:54'),
(304, 820, 706, '2015-07-04 18:58:01'),
(308, 820, 804, '2015-07-04 19:42:07'),
(319, 820, 703, '2015-07-04 19:52:34'),
(320, 705, 703, '2015-07-04 20:02:36'),
(323, 704, 707, '2015-07-04 20:37:06'),
(324, 704, 704, '2015-07-04 20:37:09'),
(347, 704, 805, '2015-07-05 11:22:29'),
(349, 704, 802, '2015-07-05 12:31:00'),
(351, 704, 101, '2015-07-05 12:32:22'),
(353, 704, 807, '2015-07-05 12:34:55'),
(443, 704, 701, '2015-07-05 18:13:50'),
(449, 704, 705, '2015-07-05 21:16:54'),
(456, 704, 703, '2015-07-05 21:17:20'),
(457, 704, 702, '2015-07-05 21:17:22'),
(542, 820, 101, '2015-07-06 09:44:44'),
(544, 701, 802, '2015-07-06 10:40:26'),
(593, 701, 838, '2015-07-07 11:51:51'),
(594, 701, 836, '2015-07-07 11:51:52'),
(600, 841, 803, '2015-07-07 17:03:12'),
(601, 841, 802, '2015-07-07 17:03:14'),
(611, 841, 703, '2015-07-07 20:04:58'),
(636, 820, 705, '2015-07-08 14:24:26'),
(643, 841, 705, '2015-07-08 16:53:04'),
(675, 820, 704, '2015-07-13 12:07:53'),
(676, 820, 702, '2015-07-13 12:08:56'),
(680, 844, 702, '2015-07-13 20:07:16'),
(681, 844, 820, '2015-07-13 20:07:17'),
(682, 844, 838, '2015-07-13 20:07:20'),
(683, 844, 701, '2015-07-13 20:10:37'),
(694, 841, 704, '2015-07-14 12:54:50'),
(696, 841, 702, '2015-07-14 13:05:02'),
(700, 841, 836, '2015-07-14 13:14:56'),
(734, 843, 702, '2015-07-16 09:20:00'),
(737, 841, 701, '2015-07-16 19:16:17'),
(750, 702, 703, '2015-07-16 22:54:33'),
(753, 702, 701, '2015-07-16 23:12:22'),
(757, 702, 844, '2015-07-16 23:43:59'),
(761, 701, 704, '2015-07-17 00:19:24'),
(772, 702, 101, '2015-07-17 20:09:28'),
(774, 701, 805, '2015-07-17 21:00:34'),
(791, 843, 701, '2015-07-20 09:22:58'),
(796, 824, 302, '2015-07-22 15:03:44'),
(805, 824, 706, '2015-07-22 16:32:18'),
(823, 705, 820, '2015-07-24 21:12:26'),
(831, 845, 101, '2015-07-26 09:40:43'),
(834, 847, 805, '2015-07-28 15:28:31'),
(838, 847, 820, '2015-07-29 10:09:57'),
(839, 824, 702, '2015-07-29 14:44:15'),
(840, 824, 705, '2015-08-03 16:59:11');

-- --------------------------------------------------------

--
-- 表的结构 `t_page`
--

CREATE TABLE IF NOT EXISTS `t_page` (
  `id` int(11) NOT NULL AUTO_INCREMENT,
  `userid` int(11) DEFAULT NULL,
  `title` varchar(255) DEFAULT NULL,
  `content` text,
  `createtime` datetime DEFAULT NULL,
  `updatetime` datetime DEFAULT NULL,
  `click` int(11) DEFAULT NULL,
  `share` int(11) NOT NULL DEFAULT '0',
  PRIMARY KEY (`id`)
) ENGINE=InnoDB  DEFAULT CHARSET=utf8 AUTO_INCREMENT=30 ;

--
-- 转存表中的数据 `t_page`
--

INSERT INTO `t_page` (`id`, `userid`, `title`, `content`, `createtime`, `updatetime`, `click`, `share`) VALUES
(19, 807, '国内艺术品那些s事', '<p style="line-height: 1.75em; margin-bottom: 15px;"><br/></p><p style="margin-top: 0px; margin-bottom: 15px; padding: 0px; max-width: 100%; clear: both; min-height: 1em; white-space: pre-wrap; line-height: 1.75em; box-sizing: border-box !important; word-wrap: break-word !important;"><span style="font-size: 18px;">近年来，艺术品市场保持了较快的发展速度。然而，业内人士指出，规模增长并未有效带动市场运行质量同步提升，一些扭曲现象甚至还在局部地区、局部领域有所放大。能否正视种种乱象折射的诸多深层次结构问题，已经成为艺术品市场避免“结构性坍塌”的关键所在。</span></p><p style="margin-top: 0px; margin-bottom: 15px; padding: 0px; max-width: 100%; clear: both; min-height: 1em; white-space: pre-wrap; line-height: 1.75em; box-sizing: border-box !important; word-wrap: break-word !important;"><span style="font-size: 18px;">去年年初，深圳一市民在看到一份某中心宣传信息后动了心，把收藏的多件物品提交给某中心鉴定审核，希望以此获得授信贷款。然而，接下来3个月，却让他经历了如同过山车一般的跌宕起伏。</span></p><p style="margin-top: 0px; margin-bottom: 15px; padding: 0px; max-width: 100%; clear: both; min-height: 1em; white-space: pre-wrap; line-height: 1.75em; box-sizing: border-box !important; word-wrap: break-word !important;"><br/></p><p style="margin-top: 0px; margin-bottom: 15px; padding: 0px; max-width: 100%; clear: both; min-height: 1em; white-space: pre-wrap; line-height: 1.75em; box-sizing: border-box !important; word-wrap: break-word !important;"><span style="font-size: 18px;">他拿出的一尊鎏金佛像被该机构业务人员评估为“价值350万元到450万元”，随即业务人员建议他按此价值缴费进行正式评估；在随后该机构举行的一次鉴宝活动中，一位“故宫博物院专家”也凭肉眼观察，给出了“真品”的认定。按照这家机构的要求，他先后缴纳了保管费、信息管理费、保险费、检测耗材费等近 4000元费用，等待最后一次仪器检测结果。然而，他等来的却是一纸“x光谱检测铜元素过高应为现代仿品”的审核报告。他要求对审核报告进行复核，中心方面的回复则是：要么去香港中文大学，要么去牛津大学，国内其他机构的评审一概不认，理由是“国内没有权威可信的鉴定”，既有收费则不退。</span></p><p style="margin-top: 0px; margin-bottom: 15px; padding: 0px; max-width: 100%; clear: both; min-height: 1em; white-space: pre-wrap; line-height: 1.75em; box-sizing: border-box !important; word-wrap: break-word !important;"><br/></p><p style="margin-top: 0px; margin-bottom: 15px; padding: 0px; max-width: 100%; clear: both; min-height: 1em; white-space: pre-wrap; line-height: 1.75em; box-sizing: border-box !important; word-wrap: break-word !important;"><span style="font-size: 18px;">“几次鉴定，差别如此大，还让我们去找境外机构。到底还有没有地方评理？哪里能证明不是这家机构恶意骗取鉴定费？”他气愤地说。</span></p><p style="margin-top: 0px; margin-bottom: 15px; padding: 0px; max-width: 100%; clear: both; min-height: 1em; white-space: pre-wrap; line-height: 1.75em; box-sizing: border-box !important; word-wrap: break-word !important;"><span style="font-size: 18px;">他的疑问并不是个案。京、津、沪、粤等地多位专家学者、业内人士均认为，真伪鉴定已成为困扰艺术品市场运营的最大问题。</span></p><p style="margin-top: 0px; margin-bottom: 15px; padding: 0px; max-width: 100%; clear: both; min-height: 1em; white-space: pre-wrap; line-height: 1.75em; box-sizing: border-box !important; word-wrap: break-word !important;"><span style="font-size: 18px;">国内一位顶级拍卖公司董事总裁兼ceo向记者介绍说，一位收藏者在拍到一幅来源可靠、经过鉴定的画作后，很快又折回来要求退货，理由是一个“国家级鉴定机构”认定画作存疑，“但据我们了解，这个机构早在2011年就被相关部门明令撤消，但却一直在收费运营。”</span></p><p style="margin-top: 0px; margin-bottom: 15px; padding: 0px; max-width: 100%; clear: both; min-height: 1em; white-space: pre-wrap; line-height: 1.75em; box-sizing: border-box !important; word-wrap: break-word !important;"><span style="font-size: 18px;">在业内人士看来，有两方面原因导致国有鉴定机构难担重任。广东省拍卖协会负责人认为，从外部环境而言，目前有关部门只在文物出境和拍卖许可环节存在鉴定评估要求，其余基本放任民间进行。而据记者了解，从内部机制而言，国有机构的鉴定覆盖面还停留在上个世纪80年代初水平，不适应当前艺术品市场的需求。比如国家文物局下设的国家鉴定委员会，作为有法律效力的机构，但基本不对社会服务。另外，与以往最初两届鉴定委员入选标准首先是鉴定水平高、眼力好不同的是，如今的鉴定委员要求高学历、高职务、高职称，却不要求这些人有鉴定经验。</span></p><p style="margin-top: 0px; margin-bottom: 15px; padding: 0px; max-width: 100%; clear: both; min-height: 1em; white-space: pre-wrap; line-height: 1.75em; box-sizing: border-box !important; word-wrap: break-word !important;"><span style="font-size: 18px;">市场诚信严重缺失，则是民间鉴定机构难以胜任的核心原因。天津美术学院一教授说，由于缺乏市场监管和约束机制，民间机构“劣币驱逐良币”，再加上“雅贿”等行为干扰，普遍存在“给钱就评估、够钱就够真”的现象。</span></p><p style="margin-top: 0px; margin-bottom: 15px; padding: 0px; max-width: 100%; clear: both; min-height: 1em; white-space: pre-wrap; line-height: 1.75em; box-sizing: border-box !important; word-wrap: break-word !important;"><span style="font-size: 18px;">艺术品市场研究专家认为，要培育发展健康的艺术品市场，就必须建立具有社会诚信度的、政府与民间相结合的鉴定评估体系。</span></p><p style="margin-top: 0px; margin-bottom: 15px; padding: 0px; max-width: 100%; clear: both; min-height: 1em; white-space: pre-wrap; line-height: 1.75em; box-sizing: border-box !important; word-wrap: break-word !important;"><span style="font-size: 18px;">一古玩公司有关负责人表示，现阶段多数民间机构与产业基金不具备鉴定能力，而国家拥有主要的鉴定队伍和鉴定人才，这就决定了未来完善我国的艺术品鉴定评估体系，需政府牵头，融合社会上的鉴定力量，组成多层次的专业团队。</span></p><p style="margin-top: 0px; margin-bottom: 15px; padding: 0px; max-width: 100%; clear: both; min-height: 1em; white-space: pre-wrap; line-height: 1.75em; box-sizing: border-box !important; word-wrap: break-word !important;"><span style="font-size: 18px;">去年7月，艺术市场观察人士因发表《2.8亿鸡缸杯背后的合法洗钱》一文，质疑知名收藏爱好者、多次拍下亿元“天价”艺术品的企业家刘益谦此前花费2.8亿元拍得鸡缸杯一事不仅存在假拍嫌疑，还涉嫌虚假推高艺术品价格套取银行资金并进行洗钱活动。除“鸡缸杯”外，文章还列举了刘益谦大量天价拍品，囊括《功甫帖》、《砥柱铭》、《松鹰图》等众多轰动一时的拍品，认为它们也存在价格造假嫌疑。该文发表后引起广泛关注。</span></p><p style="margin-top: 0px; margin-bottom: 0px; padding: 0px; max-width: 100%; clear: both; min-height: 1em; white-space: pre-wrap; box-sizing: border-box !important; word-wrap: break-word !important;"><br/></p><p><br/></p>', '2015-05-17 11:10:02', '2015-05-17 11:10:02', 9, 3),
(20, 701, '【国粹艺术】独具风韵的脸谱艺术品', '<p><br/></p><p><br/></p><p><br/></p><p style="margin-bottom: 15px; line-height: 1.75em;"><img src="/upload/page/image/20150517/1431846540128441.png" title="1431846540128441.png" alt="blob.png"/></p><p><br/></p><p style="margin-bottom: 15px; line-height: 1.75em;"><span style="font-size: 18px;">五彩缤纷的戏剧脸谱不同于面具，是中国特有的一种独具风格的造型艺术，受到世界各国人民的赞誉。如今，脸谱这一古老艺术非但没有历尽沧桑而消失其魅力，相反，缤纷流丽、气象万千的彩陶、邮票、国画、剪纸、木偶、竹刻等脸谱艺术品成了人们家中常见的挂饰物品，而且成为人们日益钟爱的收藏品。</span></p><p style="margin-bottom: 15px; line-height: 1.75em;"><span style="font-size: 18px;"><img src="/upload/page/image/20150519/1432001631109989.png" title="1432001631109989.png" alt="blob.png"/></span></p><p><br/></p><p style="margin-bottom: 15px; line-height: 1.75em;"><span style="font-size: 18px;">脸谱，起源于原始图腾，后来逐渐演变成艺术化的戏剧脸谱。据《旧唐书·音乐志》和唐段安节撰《乐府杂录》记载，公元550年的北齐兰陵王高长恭英勇善战，但因貌美少威，因而每次作战就戴上形状狰狞的假面具。到了唐代就发展成为一种“代面”的歌舞形式，这种戴面具演出，观众对演员表情变化看不见，妨碍对戏剧艺术的欣赏，后来面具就不戴了，发展为将面具上的花纹直接画在脸上的化妆艺术；宋元时期，面部化妆色彩多样化，有黑脸、红脸、花脸、青脸、蓝脸。这些脸谱的颜色都有一定象征意义，红色表示英勇、正义，如关羽赤胆忠心，就勾画红脸；黄色表示勇猛、残暴，如《战宛城》中的典韦、《马陵道》中的庞涓，勾画黄脸；白色表示奸诈、多谋，如曹操奸诈，勾画白脸；黑色表示刚直、果断，如包拯铁面无私，勾画黑脸；蓝色表示坚毅、勇敢，如《连环套》中的窦尔墩、《白水滩》中的青面虎；此外还有神怪仙佛一类人物，专用金色、银色等。戏剧人物脸上先有了这些主色基调，再配以表现其心理、专长、命运等象征图案，一个性格鲜明的人物形象就塑成了。</span></p><p style="margin-bottom: 15px; line-height: 1.75em;"><span style="font-size: 18px;"><img src="/upload/page/image/20150519/1432001645780510.png" title="1432001645780510.png" alt="blob.png"/></span></p><p><br/></p><p><br/></p><p><br/></p><p><br/></p><p style="margin-bottom: 15px; line-height: 1.75em;"><span style="font-size: 18px;">我国古老戏剧剧种，如徽剧、汉剧、昆曲、秦腔、川剧等360多个剧种，绝大多数都有自己的脸谱形式，各有风姿。清代中期形成的京剧，吸收了不同剧种的精华，经过艺人们创作，脸谱多达几百种，形成绚丽多姿的脸谱艺术，成了中华民族传统文化的瑰宝。</span></p><p style="margin-bottom: 15px; line-height: 1.75em;"><span style="font-size: 18px;">脸谱在谱式、图案、颜色上，有其既定的格式。谱式上大致可分为整脸、三块瓦脸、十字门脸、六分脸、碎脸、歪脸、象形脸等，其中，整脸和三块瓦脸是最基本的两种谱式。整脸是指脸上涂一种主色（或白或黑、红），不勾花纹，不歪不破，略画眉、眼、鼻和纹理，这种主要是肤色夸张的谱式，多用于刻画面带笑容、内藏奸诈的权贵。三块瓦脸是用黑色或其它深色夸张表现两眼窝、鼻窝，类似三块瓦片，这种谱或用途较广，正反人物都可以用。十字门脸的底色为白色，自鼻子到脑门画一黑色立柱，又在黑眼窝中间画一横线，两眉画两个椭圆形黑点，好像十字。六分脸的脑门为白色，从鼻子到脑门画一深色立柱，又以同色画眉毛以下至两颊，在眉间画两个深色椭圆形的点，整个脸由白色与深色大致为四六开比例，因而称六分脸。</span></p><p style="margin-bottom: 15px; line-height: 1.75em;"><span style="font-size: 18px;"><img src="/upload/page/image/20150519/1432001691814161.png" title="1432001691814161.png" alt="blob.png"/></span></p><p><span style="font-size: 18px; line-height: 1.75em;">脸谱艺术深受我国人民喜爱，在长期发展的历史岁月中，广泛应用于工艺美术中，形成很多品类，如彩塑、国画、剪纸、竹刻、烧瓷、面塑、蜡染、风筝、面具、蛋壳、皮影、木偶、邮票、以及装饰包装等，都有丰富多彩脸谱造型，格调各异，绚丽多姿。判断脸谱艺术品的收藏价值，主要在于它的艺术价值 和文物价值，年代久远的艺术品、名人制作的工艺美术品，其收藏价值就高，尤其是名人的脸谱国画、古代戏曲人物古壶、瓷瓶，与戏剧界名人合影的珍贵照片等，无不成了收藏者追寻的收藏珍品。近年来，我国多次举办“中国脸谱精品展”，展出的彩塑立体脸谱、戏剧人物国画脸谱、蛋塑、社火、有机玻璃等脸谱艺术品，引起人们的兴趣并深受好评。</span><br/></p><p><img src="/upload/page/image/20150519/1432001704130704.png" title="1432001704130704.png" alt="blob.png"/></p><p><br/></p><p style="margin-bottom: 15px; line-height: 1.75em;"><span style="font-size: 18px;">脸谱收藏，可按品种分类，这种收藏方法可以了解脸谱广泛应用，根据运用情况探索脸谱来源及应用价值；也可按剧种分类来收藏，各个剧种的脸谱都有各自独特的艺术风格，因而这种收藏方法可以从相同中比较出不同，便于深入了解脸谱的艺术价值。</span></p><p style="margin-bottom: 15px; line-height: 1.75em;"><span style="font-size: 18px;">脸谱艺术大放光彩，光艳照人。作为装饰，它走进千家万户，自然古朴，典雅新奇；作为收藏，不仅可以提高戏曲艺术鉴赏水平，热爱华夏国粹，还可陶冶情趣，投资增值，因而脸谱收藏日渐红火。</span></p><p><br/></p><p><br/></p>', '2015-05-17 15:16:28', '2015-05-17 15:16:28', 78, 0),
(21, 701, '生命壹号的文章，你们都别动【艺术品鉴】瓷器收藏秘诀：入对门 s走对路生命壹号的文章，你们都别动【艺术品鉴】瓷器收藏秘诀：入对门 s走对路fewafwf', '<p><img src="/upload/page/image/20150517/1431847707492197.png" title="1431847707492197.png" alt="1431847707492197.png" width="480" height="277" border="0" vspace="0" style="width: 480px; height: 277px;"/></p><p style="margin-top: 0px; margin-bottom: 0px; padding: 0px; max-width: 100%; clear: both; min-height: 1em; white-space: pre-wrap; line-height: 1.5em; box-sizing: border-box !important; word-wrap: break-word !important;"><span style="margin: 0px; padding: 0px; max-width: 100%; font-size: 1px; box-sizing: border-box !important; word-wrap: break-word !important;"> </span><span style="margin: 0px; padding: 0px; max-width: 100%; word-wrap: break-word; font-size: 14px; box-sizing: border-box !important;">古瓷器是将中国传统文化具体化、艺术化的重要载体，是世界认识中国的一道厚重恢弘的文化长廊，对于古瓷器的收藏价值的定位也是对文化的正确理解。在当下热气腾腾的瓷器收藏市场，人们兴奋于拍卖行不断被刷新的记录，古代官窑陶瓷可谓一物难求，价格更是到了令人叹为观止的程度，古瓷器的收藏价值，越来越多地被更多人所认可。</span></p><p style="margin-top: 0px; margin-bottom: 0px; padding: 0px; max-width: 100%; clear: both; min-height: 1em; white-space: pre-wrap; line-height: 1.5em; box-sizing: border-box !important; word-wrap: break-word !important;"><span style="margin: 0px; padding: 0px; max-width: 100%; word-wrap: break-word; font-size: 14px; box-sizing: border-box !important;">　　在鱼目混珠的瓷器收藏市场，复制品、高仿品大量充斥市场，在利益驱动下，愈演愈烈，具有极大的欺骗性和杀伤力，对于收藏者来说，如何评价古代瓷器价值，如何识辨真假、去伪存真就成了收藏者必经的一道门坎，结合资深藏家们多年的研究与实践，为您总结出一套鉴赏古代瓷器价值的实用方法。</span></p><p style="margin-top: 0px; margin-bottom: 0px; padding: 0px; max-width: 100%; clear: both; min-height: 1em; white-space: pre-wrap; line-height: 1.5em; box-sizing: border-box !important; word-wrap: break-word !important;"><span style="margin: 0px; padding: 0px; max-width: 100%; word-wrap: break-word; font-size: 14px; box-sizing: border-box !important;">　　现为南京博物院鉴定征集部研究员、国家文物出境鉴定江苏站古陶瓷责任鉴定员、中国文物学会会员、中国博物馆学会会员、中国古陶瓷学会会员、从事古代陶瓷器的鉴定和研究工作多年的程晓中先生建议普通收藏者在收藏瓷器时需要注意以下几个方面：</span></p><p style="margin-top: 0px; margin-bottom: 0px; padding: 0px; max-width: 100%; clear: both; min-height: 1em; white-space: pre-wrap; line-height: 1.5em; box-sizing: border-box !important; word-wrap: break-word !important;"><span style="margin: 0px; padding: 0px; max-width: 100%; word-wrap: break-word; font-size: 14px; box-sizing: border-box !important;"></span></p><p style="margin-top: 0px; margin-bottom: 0px; padding: 0px; max-width: 100%; clear: both; min-height: 1em; white-space: pre-wrap; line-height: 1.5em; box-sizing: border-box !important; word-wrap: break-word !important;"><span style="margin: 0px; padding: 0px; max-width: 100%; color: rgb(192, 0, 0); box-sizing: border-box !important; word-wrap: break-word !important;"><strong style="margin: 0px; padding: 0px; max-width: 100%; box-sizing: border-box !important; word-wrap: break-word !important;"><span style="margin: 0px; padding: 0px; max-width: 100%; word-wrap: break-word; font-size: 14px; box-sizing: border-box !important;">1.要入对门，路子要正。</span></strong></span></p><p style="margin-top: 0px; margin-bottom: 0px; padding: 0px; max-width: 100%; clear: both; min-height: 1em; white-space: pre-wrap; line-height: 1.5em; box-sizing: border-box !important; word-wrap: break-word !important;"><span style="margin: 0px; padding: 0px; max-width: 100%; word-wrap: break-word; font-size: 14px; box-sizing: border-box !important;">　　 这一点对于初学者来讲特别重要，一旦路子走错，可能终身都难纠正。我见过花费巨资错买了许多赝品，而至今执迷不悟者。初学者要从瓷片标本入手，不要开始就买完整器，一定要循序渐进，千万不要“高起点”。</span><span style="margin: 0px; padding: 0px; max-width: 100%; word-wrap: break-word; font-size: 14px; box-sizing: border-box !important;"><br style="margin: 0px; padding: 0px; max-width: 100%; word-wrap: break-word; box-sizing: border-box !important;"/></span><span style="margin: 0px; padding: 0px; max-width: 100%; word-wrap: break-word; font-size: 14px; box-sizing: border-box !important;"></span></p><p style="margin-top: 0px; margin-bottom: 0px; padding: 0px; max-width: 100%; clear: both; min-height: 1em; white-space: pre-wrap; line-height: 1.5em; box-sizing: border-box !important; word-wrap: break-word !important;"><span style="margin: 0px; padding: 0px; max-width: 100%; word-wrap: break-word; color: rgb(192, 0, 0); font-size: 14px; box-sizing: border-box !important;"><strong style="margin: 0px; padding: 0px; max-width: 100%; box-sizing: border-box !important; word-wrap: break-word !important;">2.多看少动，戒除贪欲。</strong></span></p><p style="margin-top: 0px; margin-bottom: 0px; padding: 0px; max-width: 100%; clear: both; min-height: 1em; white-space: pre-wrap; line-height: 1.5em; box-sizing: border-box !important; word-wrap: break-word !important;"><span style="margin: 0px; padding: 0px; max-width: 100%; word-wrap: break-word; font-size: 14px; box-sizing: border-box !important;">　　多看权威书籍、图册，多学习理论知识，夯实基础。多看实物，经常到博物馆去领悟真品的神、形、釉、胎、纹饰等特点，逐步提高自己的辨识鉴赏能力，但这只能是宏观的感悟。博物馆只能隔着玻璃看，不能上手，如同隔靴搔痒，很难掌握微观特征，故有它的局限性。解决这个问题，就要多上手瓷片标本。在市场中不可听信卖者美妙动听的“故事”，不可心贪。很多人认为自己学习了一定的理论、实践知识，就想到市场去捡漏，这样几乎百分之百“中招”。</span></p><p style="margin-top: 0px; margin-bottom: 0px; padding: 0px; max-width: 100%; clear: both; min-height: 1em; white-space: pre-wrap; line-height: 1.5em; box-sizing: border-box !important; word-wrap: break-word !important;"><span style="margin: 0px; padding: 0px; max-width: 100%; word-wrap: break-word; font-size: 14px; box-sizing: border-box !important;"></span> </p><p style="margin-top: 0px; margin-bottom: 0px; padding: 0px; max-width: 100%; clear: both; min-height: 1em; white-space: pre-wrap; line-height: 1.5em; box-sizing: border-box !important; word-wrap: break-word !important;"><span style="margin: 0px; padding: 0px; max-width: 100%; color: rgb(192, 0, 0); box-sizing: border-box !important; word-wrap: break-word !important;"><strong style="margin: 0px; padding: 0px; max-width: 100%; box-sizing: border-box !important; word-wrap: break-word !important;"><span style="margin: 0px; padding: 0px; max-width: 100%; word-wrap: break-word; font-size: 14px; box-sizing: border-box !important;">3.研究揣摩，提高悟性。</span></strong></span></p><p style="margin-top: 0px; margin-bottom: 0px; padding: 0px; max-width: 100%; clear: both; min-height: 1em; white-space: pre-wrap; line-height: 1.5em; box-sizing: border-box !important; word-wrap: break-word !important;"><span style="margin: 0px; padding: 0px; max-width: 100%; word-wrap: break-word; font-size: 14px; box-sizing: border-box !important;">　　搞收藏“悟性”很重要，“悟性”从何而来呢？靠研究、靠比较、靠分析、靠揣摩。对瓷片标本要反复研究、仔细琢磨，悟出一些规律性的东西，这样你的悟性就能提高。</span></p><p style="margin-top: 0px; margin-bottom: 0px; padding: 0px; max-width: 100%; clear: both; min-height: 1em; white-space: pre-wrap; line-height: 1.5em; box-sizing: border-box !important; word-wrap: break-word !important;"><span style="margin: 0px; padding: 0px; max-width: 100%; word-wrap: break-word; font-size: 14px; box-sizing: border-box !important;"></span> </p><p style="margin-top: 0px; margin-bottom: 0px; padding: 0px; max-width: 100%; clear: both; min-height: 1em; white-space: pre-wrap; line-height: 1.5em; box-sizing: border-box !important; word-wrap: break-word !important;"><span style="margin: 0px; padding: 0px; max-width: 100%; word-wrap: break-word; color: rgb(192, 0, 0); font-size: 14px; box-sizing: border-box !important;"><strong style="margin: 0px; padding: 0px; max-width: 100%; box-sizing: border-box !important; word-wrap: break-word !important;">4.广交藏友，参加收藏组织。</strong></span></p><p style="margin-top: 0px; margin-bottom: 0px; padding: 0px; max-width: 100%; clear: both; min-height: 1em; white-space: pre-wrap; line-height: 1.5em; box-sizing: border-box !important; word-wrap: break-word !important;"><span style="margin: 0px; padding: 0px; max-width: 100%; word-wrap: break-word; font-size: 14px; box-sizing: border-box !important;">　　初学者要积极参加收藏组织，参加收藏会所的学习，这是一条少走弯路的捷径。</span></p><p style="margin-top: 0px; margin-bottom: 0px; padding: 0px; max-width: 100%; clear: both; min-height: 1em; white-space: pre-wrap; line-height: 1.5em; box-sizing: border-box !important; word-wrap: break-word !important;"><span style="margin: 0px; padding: 0px; max-width: 100%; word-wrap: break-word; font-size: 14px; box-sizing: border-box !important;"><br style="margin: 0px; padding: 0px; max-width: 100%; word-wrap: break-word; box-sizing: border-box !important;"/></span><span style="margin: 0px; padding: 0px; max-width: 100%; color: rgb(0, 32, 96); font-size: 20px; box-sizing: border-box !important; word-wrap: break-word !important;"><strong style="margin: 0px; padding: 0px; max-width: 100%; box-sizing: border-box !important; word-wrap: break-word !important;"><span style="margin: 0px; padding: 0px; max-width: 100%; word-wrap: break-word; box-sizing: border-box !important;">明清瓷器是投资热点</span></strong></span></p><p style="margin-top: 0px; margin-bottom: 0px; padding: 0px; max-width: 100%; clear: both; min-height: 1em; white-space: pre-wrap; line-height: 1.5em; box-sizing: border-box !important; word-wrap: break-word !important;"><span style="margin: 0px; padding: 0px; max-width: 100%; word-wrap: break-word; font-size: 14px; box-sizing: border-box !important;">　　在目前和今后一段时间内，明清瓷还将是投资热点，而且还会有一段升值期，大众审美情趣也大都停留在这一层面上。</span></p><p style="margin-top: 0px; margin-bottom: 0px; padding: 0px; max-width: 100%; clear: both; min-height: 1em; white-space: pre-wrap; line-height: 1.5em; box-sizing: border-box !important; word-wrap: break-word !important;"><span style="margin: 0px; padding: 0px; max-width: 100%; word-wrap: break-word; font-size: 14px; box-sizing: border-box !important;">　　在瓷器拍卖场上，明清瓷器，尤其以官窑精品瓷器为市场追捧的焦点，并不断刷新瓷器纪录。这主要因为此板块瓷器不仅存世量和流通量相对较多，而且在制造工艺上更为繁复考究，一直是此板块买家追捧的焦点。</span></p><p style="margin-top: 0px; margin-bottom: 0px; padding: 0px; max-width: 100%; clear: both; min-height: 1em; white-space: pre-wrap; line-height: 1.5em; box-sizing: border-box !important; word-wrap: break-word !important;"><span style="margin: 0px; padding: 0px; max-width: 100%; word-wrap: break-word; font-size: 14px; box-sizing: border-box !important;">　　明清的民窑瓷器，品种繁多，产量大，且青花、五彩、粉彩及各种单色釉瓷器，一应俱全，表现手法潇洒奔放，不拘一格，无论是造型，还是纹饰都表现了浓郁的民间工艺特色，使作品充满了活泼旺盛的生命力，特别是明清瓷器中的精品，其工艺、质量毫不逊色于官窑产品。</span></p><p style="margin-top: 0px; margin-bottom: 0px; padding: 0px; max-width: 100%; clear: both; min-height: 1em; white-space: pre-wrap; line-height: 1.5em; box-sizing: border-box !important; word-wrap: break-word !important;"><span style="margin: 0px; padding: 0px; max-width: 100%; word-wrap: break-word; font-size: 14px; box-sizing: border-box !important;">　　收集什么样的藏品呢？有几点可作参考：一是存世量少的，一般来说物以稀为贵；二是年代早的，清三代(康熙、雍正、乾隆)的就已很难得；三是画片好的，画工精细，画面具有特殊寓意的，尤以人物故事为佳；四是清末至民国的器物，一定要选择器型完整、画片优美的收藏。另外，还可以根据个人喜好，做某一项的系列收藏，如人物故事系列、三国故事系列、博古图系列、花鸟山水系列等。</span></p><p style="margin-top: 0px; margin-bottom: 0px; padding: 0px; max-width: 100%; clear: both; min-height: 1em; white-space: pre-wrap; line-height: 1.5em; box-sizing: border-box !important; word-wrap: break-word !important;"><span style="margin: 0px; padding: 0px; max-width: 100%; word-wrap: break-word; font-size: 14px; box-sizing: border-box !important;"></span></p><p style="margin-top: 0px; margin-bottom: 0px; padding: 0px; max-width: 100%; clear: both; min-height: 1em; white-space: pre-wrap; line-height: 1.5em; box-sizing: border-box !important; word-wrap: break-word !important;"><span style="margin: 0px; padding: 0px; max-width: 100%; color: rgb(0, 32, 96); font-size: 20px; box-sizing: border-box !important; word-wrap: break-word !important;"><strong style="margin: 0px; padding: 0px; max-width: 100%; box-sizing: border-box !important; word-wrap: break-word !important;"><span style="margin: 0px; padding: 0px; max-width: 100%; word-wrap: break-word; box-sizing: border-box !important;">小贴士</span></strong></span></p><p style="margin-top: 0px; margin-bottom: 0px; padding: 0px; max-width: 100%; clear: both; min-height: 1em; white-space: pre-wrap; line-height: 1.5em; box-sizing: border-box !important; word-wrap: break-word !important;"><span style="margin: 0px; padding: 0px; max-width: 100%; word-wrap: break-word; font-size: 14px; box-sizing: border-box !important;">　　最终决定古瓷器价格的还是市场供求关系，因此，存世量过大，供过于求且艺术性差的古瓷是没有投资价值的，反之，则应及早加以关注，从而获取较高的回报。认识到古瓷器的收藏价值和收藏前景，也只是走进收藏的第一步，收藏市场并非一成不变，对于供求关系的理解和把握，收藏者还应当具备长远的、战略的眼光，克服浮躁、从众、比赛的心理，才能在看似模糊的瓷器收藏市场规避风险，以慧眼淘真金。</span></p><p style="margin-top: 0px; margin-bottom: 0px; padding: 0px; max-width: 100%; clear: both; min-height: 1em; white-space: pre-wrap; line-height: 1.5em; box-sizing: border-box !important; word-wrap: break-word !important;"><span style="margin: 0px; padding: 0px; max-width: 100%; word-wrap: break-word; font-size: 14px; box-sizing: border-box !important;"></span></p><p style="margin-top: 0px; margin-bottom: 0px; padding: 0px; max-width: 100%; clear: both; min-height: 1em; white-space: pre-wrap; line-height: 1.5em; box-sizing: border-box !important; word-wrap: break-word !important;"><strong style="margin: 0px; padding: 0px; max-width: 100%; box-sizing: border-box !important; word-wrap: break-word !important;"><span style="margin: 0px; padding: 0px; max-width: 100%; word-wrap: break-word; color: rgb(0, 32, 96); font-size: 20px; box-sizing: border-box !important;">高古瓷价格优势明显</span></strong></p><p style="margin-top: 0px; margin-bottom: 0px; padding: 0px; max-width: 100%; clear: both; min-height: 1em; white-space: pre-wrap; line-height: 1.5em; box-sizing: border-box !important; word-wrap: break-word !important;"><span style="margin: 0px; padding: 0px; max-width: 100%; word-wrap: break-word; font-size: 14px; box-sizing: border-box !important;">　　尽管明清官窑瓷器屡创新高，火爆异常，然而对广大藏友来讲，只能饱饱眼福，看看热闹，天文数字般的价格，已非一般藏友所能企及。因此收藏瓷器不要局限于市场热点，要拓展视野，着眼于高古瓷和近现代名人瓷的收藏。</span></p><p style="margin-top: 0px; margin-bottom: 0px; padding: 0px; max-width: 100%; clear: both; min-height: 1em; white-space: pre-wrap; line-height: 1.5em; box-sizing: border-box !important; word-wrap: break-word !important;"><span style="margin: 0px; padding: 0px; max-width: 100%; word-wrap: break-word; font-size: 14px; box-sizing: border-box !important;">　　1.具有明显价格优势。国内元代之前的高古瓷的价格一般比较便宜，收藏资金门槛较低。</span></p><p style="margin-top: 0px; margin-bottom: 0px; padding: 0px; max-width: 100%; clear: both; min-height: 1em; white-space: pre-wrap; line-height: 1.5em; box-sizing: border-box !important; word-wrap: break-word !important;"><span style="margin: 0px; padding: 0px; max-width: 100%; word-wrap: break-word; font-size: 14px; box-sizing: border-box !important;">　　2.高古陶瓷一直是海外文物收藏市场的主要品种，宋代官窑、磁州窑等精品的价格早已越过千万元大关。而在国内可以用几万、几十万买到的高古瓷，在国际市场可以卖到几百万甚至上千万，升值空间很大。</span></p><p style="margin-top: 0px; margin-bottom: 0px; padding: 0px; max-width: 100%; clear: both; min-height: 1em; white-space: pre-wrap; line-height: 1.5em; box-sizing: border-box !important; word-wrap: break-word !important;"><span style="margin: 0px; padding: 0px; max-width: 100%; word-wrap: break-word; font-size: 14px; box-sizing: border-box !important;">　　3.高古瓷虽然没有明清瓷华丽，但它古朴、内涵深刻、艺术境界深远、耐人寻味，具有丰富的文化内涵。收藏高古瓷器是收藏文化，是对中国文化精髓的感受，是陶瓷收藏的发展方向。</span></p><p style="margin-top: 0px; margin-bottom: 0px; padding: 0px; max-width: 100%; clear: both; min-height: 1em; white-space: pre-wrap; line-height: 1.5em; box-sizing: border-box !important; word-wrap: break-word !important;"><span style="margin: 0px; padding: 0px; max-width: 100%; word-wrap: break-word; font-size: 14px; box-sizing: border-box !important;">　　4.高古瓷历代名窑精品辈出。除宋五大名窑外，越窑、长沙窑、龙泉窑、建窑、湖田窑、吉州窑、耀州窑、磁州窑、洪州窑等都有精品，收藏者可以根据自己的喜好、能力去选择藏品，有利于形成系列。</span></p><p style="margin-top: 0px; margin-bottom: 0px; padding: 0px; max-width: 100%; clear: both; min-height: 1em; white-space: pre-wrap; line-height: 1.5em; box-sizing: border-box !important; word-wrap: break-word !important;"><span style="margin: 0px; padding: 0px; max-width: 100%; word-wrap: break-word; font-size: 14px; box-sizing: border-box !important;">　　随着古玩市场的进一步开放以及有关政策的调整，高古瓷必将表现出更为强大的后劲。未来国内的高古陶瓷市场可能会出现爆发式行情。目前是收藏、投资高古瓷的最好时机。收藏爱好者可以根据自身情况，注重选择精品进行专题收藏，定会有不错的收益。</span></p><p><br/></p>', '2015-05-17 15:33:52', '2015-05-17 15:33:52', 52, 4),
(22, 704, '艺术品：遇冷s 任性', '<p><img src="/upload/page/image/20150518/1431912364483117.png" title="1431912364483117.png" alt="blob.png"/></p><p><br/></p><p><img src="/upload/page/image/20150519/1432001739722503.png" title="1432001739722503.png" alt="blob.png"/></p><p style="margin-top: 0px; margin-bottom: 0px; padding: 0px; max-width: 100%; clear: both; min-height: 1em; white-space: pre-wrap; box-sizing: border-box !important; word-wrap: break-word !important;"><br/></p><p style="margin-top: 0px; margin-bottom: 0px; padding: 0px; max-width: 100%; clear: both; min-height: 1em; white-space: pre-wrap; box-sizing: border-box !important; word-wrap: break-word !important;">　　2014年已华丽谢幕，对艺术品市场来说，这是一个充满机遇、转型而又颇受煎熬的一年。据雅昌艺术网的统计数据显示，截至2014年12月18日，国内艺术品拍卖市场的成交量较2013年同期减少了18.26%，成交额下滑17.37%。整体看，国内的艺术品市场依然处于深度调整的态势。各大拍卖公司可谓使出浑身解数，在高压下顺应市场调整，以创新、学术、文化引领藏界风向。</p><p style="margin-top: 0px; margin-bottom: 0px; padding: 0px; max-width: 100%; clear: both; min-height: 1em; white-space: pre-wrap; box-sizing: border-box !important; word-wrap: break-word !important;"><br/></p><p style="margin-top: 0px; margin-bottom: 0px; padding: 0px; max-width: 100%; clear: both; min-height: 1em; white-space: pre-wrap; box-sizing: border-box !important; word-wrap: break-word !important;">　　■ 遇冷</p><p style="margin-top: 0px; margin-bottom: 0px; padding: 0px; max-width: 100%; clear: both; min-height: 1em; white-space: pre-wrap; box-sizing: border-box !important; word-wrap: break-word !important;"><br style="margin: 0px; padding: 0px; max-width: 100%; box-sizing: border-box !important; word-wrap: break-word !important;"/></p><p style="margin-top: 0px; margin-bottom: 0px; padding: 0px; max-width: 100%; clear: both; min-height: 1em; white-space: pre-wrap; box-sizing: border-box !important; word-wrap: break-word !important;">　　 “发展不均衡”是目前国内拍卖市场行情最为突出的现象。2014年，拍卖场次和拍卖标价都有所下降和减少。据统计，中国嘉德、北京保利、北京匡时、北京翰海四大拍卖公司2014年秋拍的总成交额为73.3亿元，相比2013年78.58亿元的总成交额下降了6.72%。其中，70%以上的成交额都由书画板块所缔造。也就是说，一旦中国书画市场遭遇不景气的行情，国内拍卖公司将面临运作困难的处境。</p><p style="margin-top: 0px; margin-bottom: 0px; padding: 0px; max-width: 100%; clear: both; min-height: 1em; white-space: pre-wrap; box-sizing: border-box !important; word-wrap: break-word !important;"><br style="margin: 0px; padding: 0px; max-width: 100%; box-sizing: border-box !important; word-wrap: break-word !important;"/></p><p style="margin-top: 0px; margin-bottom: 0px; padding: 0px; max-width: 100%; clear: both; min-height: 1em; white-space: pre-wrap; box-sizing: border-box !important; word-wrap: break-word !important;">　　为此，中国嘉德在专场设置、估价布局、图录编制、巡展宣传等前后期做精、做深，以求展现专业素质。北京匡时也从固有的书画、油画、器物三大板块延伸到了紫砂、茶道具、佛教艺术品、当代陶瓷、珠宝等多样化拍卖品类，将更多买家吸引到艺术品市场中来。北京保利则注重品牌影响力，推出了“吴门清韵——过云楼藏金笺扇面”、“见证历史——山艺术甄藏”等专场。</p><p style="margin-top: 0px; margin-bottom: 0px; padding: 0px; max-width: 100%; clear: both; min-height: 1em; white-space: pre-wrap; box-sizing: border-box !important; word-wrap: break-word !important;"><img src="/upload/page/image/20150519/1432001765554980.png" title="1432001765554980.png" alt="blob.png"/></p><p style="margin-top: 0px; margin-bottom: 0px; padding: 0px; max-width: 100%; clear: both; min-height: 1em; white-space: pre-wrap; box-sizing: border-box !important; word-wrap: break-word !important;">　　数据显示，2014年北京保利拍卖全年总成交额达59亿元。12月2日，北京保利的古代书画夜场上，一组四幅经《石渠宝笈》著录的乾隆皇帝御笔书法《白塔山记》以1.1615亿元成交，这成为内地拍卖市场2014全年唯一的过亿拍品，在一定程度上振奋了市场。北京保利方面表示：“数据是对市场最真实的反映，需求和消费就像永动机一样始终为艺术品市场提供活力。”</p><p style="margin-top: 0px; margin-bottom: 0px; padding: 0px; max-width: 100%; clear: both; min-height: 1em; white-space: pre-wrap; box-sizing: border-box !important; word-wrap: break-word !important;"><img src="/upload/page/image/20150519/1432001773849834.png" title="1432001773849834.png" alt="blob.png"/></p><p style="margin-top: 0px; margin-bottom: 0px; padding: 0px; max-width: 100%; clear: both; min-height: 1em; white-space: pre-wrap; box-sizing: border-box !important; word-wrap: break-word !important;">　　尽管如此，与前几年亿元拍品动辄10余件的盛况相比，多少显得有些暗淡，而具体到各大拍卖公司秋拍的总成交额，与2013年相比，2014年仅有北京翰海的成交额有所增长，中国嘉德、北京保利、北京匡时的成交额均同比下降。北京匡时拍卖有限公司董事长董国强表示：“从2014年秋拍市场看，无论从最初的征集还是到后来的拍卖，这是匡时成立以来最艰难的一次。展望2015年，艺术品市场将面临着非常严峻的挑战。”</p><p style="margin-top: 0px; margin-bottom: 0px; padding: 0px; max-width: 100%; clear: both; min-height: 1em; white-space: pre-wrap; box-sizing: border-box !important; word-wrap: break-word !important;"><br style="margin: 0px; padding: 0px; max-width: 100%; box-sizing: border-box !important; word-wrap: break-word !important;"/></p><p style="margin-top: 0px; margin-bottom: 0px; padding: 0px; max-width: 100%; clear: both; min-height: 1em; white-space: pre-wrap; box-sizing: border-box !important; word-wrap: break-word !important;">　　■ 任性</p><p style="margin-top: 0px; margin-bottom: 0px; padding: 0px; max-width: 100%; clear: both; min-height: 1em; white-space: pre-wrap; box-sizing: border-box !important; word-wrap: break-word !important;"><br style="margin: 0px; padding: 0px; max-width: 100%; box-sizing: border-box !important; word-wrap: break-word !important;"/></p><p style="margin-top: 0px; margin-bottom: 0px; padding: 0px; max-width: 100%; clear: both; min-height: 1em; white-space: pre-wrap; box-sizing: border-box !important; word-wrap: break-word !important;">　　 经过几年的爆发，艺术品市场已渐趋理性。2014年流入艺术市场的资金趋紧，买家对价格的把控更为理性。随着收藏家文化学养和鉴赏能力的提高，含金量高且学术性强的艺术作品无疑受到了市场的青睐。</p><p style="margin-top: 0px; margin-bottom: 0px; padding: 0px; max-width: 100%; clear: both; min-height: 1em; white-space: pre-wrap; box-sizing: border-box !important; word-wrap: break-word !important;"><br style="margin: 0px; padding: 0px; max-width: 100%; box-sizing: border-box !important; word-wrap: break-word !important;"/></p><p style="margin-top: 0px; margin-bottom: 0px; padding: 0px; max-width: 100%; clear: both; min-height: 1em; white-space: pre-wrap; box-sizing: border-box !important; word-wrap: break-word !important;">　　因此，各大拍卖公司都在2014年预展期间同步推出了各具特色的专题性讲座，加强文化推广。中国嘉德推出了“嘉德讲堂”，北京匡时推出了“博物志系列讲座”等公益性活动，北京保利在2014秋拍预展期间举办的“保利中国艺术周”也邀请了数十名业内专家进行公益讲座。此外，针对藏家的需求和不同的关注焦点，拍卖公司还推出了私人洽购业务。</p><p><br/></p><p style="margin-top: 0px; margin-bottom: 0px; padding: 0px; max-width: 100%; clear: both; min-height: 1em; white-space: pre-wrap; box-sizing: border-box !important; word-wrap: break-word !important;">　　除了拍卖公司的“大手笔”，艺术品买家亦“任性”至极。2014年4月，收藏家刘益谦以2.81亿港元于香港苏富比拍得明成化斗彩鸡缸杯，刷新了中国瓷器世界拍卖纪录；11月4日，华谊兄弟董事长王中军以5500万美元拍得梵高油画《静物，插满雏菊和罂粟花的花瓶》；11月26日，刘益谦又以3.48亿港元拍下了被誉为唐卡之王的十五世纪“明永乐御制红阎摩敌刺绣唐卡”。一时间，“有钱，任性”成了艺术品市场新的代名词。可见，虽然艺术品市场历经“寒冬”，却依然阻挡不了收藏家们的购买激情和举牌欲望。</p><p style="margin-top: 0px; margin-bottom: 0px; padding: 0px; max-width: 100%; clear: both; min-height: 1em; white-space: pre-wrap; box-sizing: border-box !important; word-wrap: break-word !important;"><img src="/upload/page/image/20150519/1432001886137335.png" title="1432001886137335.png" alt="blob.png"/></p><p style="margin-top: 0px; margin-bottom: 0px; padding: 0px; max-width: 100%; clear: both; min-height: 1em; white-space: pre-wrap; box-sizing: border-box !important; word-wrap: break-word !important;">　　而就买家的构成看，2014年企业资本有了较大范围的增幅，艺术品收藏正在由个人爱好向机构收藏行为转移。业内人士分析，天价给市场注入了温度，有利于文化遗存的传承发扬，然而天价背后亦存隐忧，艺术品市场仍需要合理的监督与引导。</p><p style="margin-top: 0px; margin-bottom: 0px; padding: 0px; max-width: 100%; clear: both; min-height: 1em; white-space: pre-wrap; box-sizing: border-box !important; word-wrap: break-word !important;"><br style="margin: 0px; padding: 0px; max-width: 100%; box-sizing: border-box !important; word-wrap: break-word !important;"/></p><p style="margin-top: 0px; margin-bottom: 0px; padding: 0px; max-width: 100%; clear: both; min-height: 1em; white-space: pre-wrap; box-sizing: border-box !important; word-wrap: break-word !important;">　　■ 转型期</p><p style="margin-top: 0px; margin-bottom: 0px; padding: 0px; max-width: 100%; clear: both; min-height: 1em; white-space: pre-wrap; box-sizing: border-box !important; word-wrap: break-word !important;"><br style="margin: 0px; padding: 0px; max-width: 100%; box-sizing: border-box !important; word-wrap: break-word !important;"/></p><p style="margin-top: 0px; margin-bottom: 0px; padding: 0px; max-width: 100%; clear: both; min-height: 1em; white-space: pre-wrap; box-sizing: border-box !important; word-wrap: break-word !important;"><br style="margin: 0px; padding: 0px; max-width: 100%; box-sizing: border-box !important; word-wrap: break-word !important;"/></p><p style="margin-top: 0px; margin-bottom: 0px; padding: 0px; max-width: 100%; clear: both; min-height: 1em; white-space: pre-wrap; box-sizing: border-box !important; word-wrap: break-word !important;">　　 统计指出，2014年1月至9月，中国文物艺术品拍卖成交额为153亿元，比2013年略有下调。中国拍卖行业协会副秘书长欧阳树英说：“尽管拍卖市场处于持续调整中，但也面临诸多变化。市场竞争国际化，市场品味多元化，藏家层次年轻化，收藏与投资、消费之间的界限越来越模糊化。”</p><p style="margin-top: 0px; margin-bottom: 0px; padding: 0px; max-width: 100%; clear: both; min-height: 1em; white-space: pre-wrap; box-sizing: border-box !important; word-wrap: break-word !important;"><img src="/upload/page/image/20150519/1432001898314820.png" title="1432001898314820.png" alt="blob.png"/></p><p style="margin-top: 0px; margin-bottom: 0px; padding: 0px; max-width: 100%; clear: both; min-height: 1em; white-space: pre-wrap; box-sizing: border-box !important; word-wrap: break-word !important;">　　的确，就竞争而言，传统拍卖面临电商的冲击，竞争日益扩大。就收藏品味而言，高精尖作品、名家经典、特色专场依旧引领市场。中国书画、瓷器工艺品等传统门类仍是拍场的重头戏，不过在2014年秋拍，郝亮、王光乐、贾蔼力、刘韡等70后、80后艺术家的作品尤为受到藏家追捧。贾蔼力的《疯景1号》以1180万港元成交；刘韡《紫气系列H2》也拍出了340万港元。这些作品资源丰富，需求强劲，价格合理，可见藏家的收藏体系在发生转变。</p><p style="margin-top: 0px; margin-bottom: 0px; padding: 0px; max-width: 100%; clear: both; min-height: 1em; white-space: pre-wrap; box-sizing: border-box !important; word-wrap: break-word !important;"><img src="/upload/page/image/20150519/1432001915249283.png" title="1432001915249283.png" alt="blob.png"/></p><p style="margin-top: 0px; margin-bottom: 0px; padding: 0px; max-width: 100%; clear: both; min-height: 1em; white-space: pre-wrap; box-sizing: border-box !important; word-wrap: break-word !important;">　　随着越来越多的年轻藏家涌入拍场，买家群体也日趋年轻化。他们的审美取向与老一辈收藏家有着明显的差异，更倾向易于理解、突出个性、具有时代认同感的当代艺术品。而年轻艺术家作品的进入或将使中国当代艺术慢慢改变和转型。</p><p><br/></p>', '2015-05-17 15:35:03', '2015-05-17 15:35:03', 4, 1);
INSERT INTO `t_page` (`id`, `userid`, `title`, `content`, `createtime`, `updatetime`, `click`, `share`) VALUES
(23, 704, '谁让书画成了冒险者游戏', '<p><span style="font-family: &#39;Helvetica Neue&#39;, Helvetica, &#39;Hiragino Sans GB&#39;, &#39;Microsoft YaHei&#39;, Arial, sans-serif; line-height: 25.6000003814697px; white-space: pre-wrap; background-color: rgb(255, 255, 255);"><img src="/upload/page/image/20150518/1431912428895792.png" title="1431912428895792.png" alt="blob.png"/></span></p><p><span style="font-family: &#39;Helvetica Neue&#39;, Helvetica, &#39;Hiragino Sans GB&#39;, &#39;Microsoft YaHei&#39;, Arial, sans-serif; line-height: 25.6000003814697px; white-space: pre-wrap; background-color: rgb(255, 255, 255);">文物及艺术品造假与鉴定，始终是一种道高一尺魔高一丈的关系。一部艺术市场发展史，可以称作是文物造假史，也可以称作是文物鉴定史。</span></p><p style="margin-top: 0px; margin-bottom: 0px; padding: 0px; max-width: 100%; clear: both; min-height: 1em; white-space: pre-wrap; font-family: &#39;Helvetica Neue&#39;, Helvetica, &#39;Hiragino Sans GB&#39;, &#39;Microsoft YaHei&#39;, Arial, sans-serif; line-height: 25.6000003814697px; box-sizing: border-box !important; word-wrap: break-word !important; background-color: rgb(255, 255, 255);"><br style="margin: 0px; padding: 0px; max-width: 100%; box-sizing: border-box !important; word-wrap: break-word !important;"/></p><p style="margin-top: 0px; margin-bottom: 0px; padding: 0px; max-width: 100%; clear: both; min-height: 1em; white-space: pre-wrap; font-family: &#39;Helvetica Neue&#39;, Helvetica, &#39;Hiragino Sans GB&#39;, &#39;Microsoft YaHei&#39;, Arial, sans-serif; line-height: 25.6000003814697px; box-sizing: border-box !important; word-wrap: break-word !important; background-color: rgb(255, 255, 255);">　　关于文物造假及鉴定风波，媒体一直给予连篇累牍的报道。为回应社会关切，引导规范民间收藏文物鉴定行为，国家文物局2014年10月29日发布通知，批准天津市文物开发咨询服务中心、黑龙江龙博文物司法鉴定所、西泠印社艺术品鉴定评估中心、厦门市文物鉴定中心、湖南省文物鉴定中心、广东省文物鉴定站、云南文博文物评估鉴定有限公司等7家文博单位，面向社会公众开展民间收藏文物鉴定试点工作。</p><p style="margin-top: 0px; margin-bottom: 0px; padding: 0px; max-width: 100%; clear: both; min-height: 1em; white-space: pre-wrap; font-family: &#39;Helvetica Neue&#39;, Helvetica, &#39;Hiragino Sans GB&#39;, &#39;Microsoft YaHei&#39;, Arial, sans-serif; line-height: 25.6000003814697px; box-sizing: border-box !important; word-wrap: break-word !important; background-color: rgb(255, 255, 255);"><img src="/upload/page/image/20150519/1432001933960555.png" title="1432001933960555.png" alt="blob.png"/></p><p style="margin-top: 0px; margin-bottom: 0px; padding: 0px; max-width: 100%; clear: both; min-height: 1em; white-space: pre-wrap; font-family: &#39;Helvetica Neue&#39;, Helvetica, &#39;Hiragino Sans GB&#39;, &#39;Microsoft YaHei&#39;, Arial, sans-serif; line-height: 25.6000003814697px; box-sizing: border-box !important; word-wrap: break-word !important; background-color: rgb(255, 255, 255);">　　据悉，这7家单位均长期专门从事文物鉴定，可独立开展陶瓷器、玉石器、金属器、书画、杂项等门类的文物鉴定服务。而长久以来，文物收藏鉴定领域鱼龙混杂，骗子横行，严重扰乱了市场，侵害了收藏爱好者的利益，以上7家文博单位面向社会鉴定文物，在大系统中是否可以凭一己之力改善这一现象，仍有待观察。</p><p style="margin-top: 0px; margin-bottom: 0px; padding: 0px; max-width: 100%; clear: both; min-height: 1em; white-space: pre-wrap; font-family: &#39;Helvetica Neue&#39;, Helvetica, &#39;Hiragino Sans GB&#39;, &#39;Microsoft YaHei&#39;, Arial, sans-serif; line-height: 25.6000003814697px; box-sizing: border-box !important; word-wrap: break-word !important; background-color: rgb(255, 255, 255);"><br style="margin: 0px; padding: 0px; max-width: 100%; box-sizing: border-box !important; word-wrap: break-word !important;"/></p><p style="margin-top: 0px; margin-bottom: 0px; padding: 0px; max-width: 100%; clear: both; min-height: 1em; white-space: pre-wrap; font-family: &#39;Helvetica Neue&#39;, Helvetica, &#39;Hiragino Sans GB&#39;, &#39;Microsoft YaHei&#39;, Arial, sans-serif; line-height: 25.6000003814697px; box-sizing: border-box !important; word-wrap: break-word !important; background-color: rgb(255, 255, 255);">　　除此之外，民间机构亦开始试水艺术品及文物鉴定。比如雅昌推行的“中国艺术品鉴证备案服务”。其基本做法是，从艺术品源头出发，由艺术家本人对艺术品原作进行鉴定，该公司对艺术品原作采集高清数据，作品物理成分采样检测，并对数据进行备案，为每一件艺术品建立唯一、权威的“身份证”信息。据了解，杨之光、韩美林、何家英等著名艺术家已参与其中。</p><p style="margin-top: 0px; margin-bottom: 0px; padding: 0px; max-width: 100%; clear: both; min-height: 1em; white-space: pre-wrap; font-family: &#39;Helvetica Neue&#39;, Helvetica, &#39;Hiragino Sans GB&#39;, &#39;Microsoft YaHei&#39;, Arial, sans-serif; line-height: 25.6000003814697px; box-sizing: border-box !important; word-wrap: break-word !important; background-color: rgb(255, 255, 255);"><img src="/upload/page/image/20150519/1432001941622712.png" title="1432001941622712.png" alt="blob.png"/></p><p style="margin-top: 0px; margin-bottom: 0px; padding: 0px; max-width: 100%; clear: both; min-height: 1em; white-space: pre-wrap; font-family: &#39;Helvetica Neue&#39;, Helvetica, &#39;Hiragino Sans GB&#39;, &#39;Microsoft YaHei&#39;, Arial, sans-serif; line-height: 25.6000003814697px; box-sizing: border-box !important; word-wrap: break-word !important; background-color: rgb(255, 255, 255);">　　但业内人士指出，艺术家能否构成艺术品最权威的鉴定者，鉴定的科技手段如何不断提升，鉴定证书如何保证唯一性与权威性，仍是需解决的问题。</p><p style="margin-top: 0px; margin-bottom: 0px; padding: 0px; max-width: 100%; clear: both; min-height: 1em; white-space: pre-wrap; font-family: &#39;Helvetica Neue&#39;, Helvetica, &#39;Hiragino Sans GB&#39;, &#39;Microsoft YaHei&#39;, Arial, sans-serif; line-height: 25.6000003814697px; box-sizing: border-box !important; word-wrap: break-word !important; background-color: rgb(255, 255, 255);"><br style="margin: 0px; padding: 0px; max-width: 100%; box-sizing: border-box !important; word-wrap: break-word !important;"/></p><p style="margin-top: 0px; margin-bottom: 0px; padding: 0px; max-width: 100%; clear: both; min-height: 1em; white-space: pre-wrap; font-family: &#39;Helvetica Neue&#39;, Helvetica, &#39;Hiragino Sans GB&#39;, &#39;Microsoft YaHei&#39;, Arial, sans-serif; line-height: 25.6000003814697px; box-sizing: border-box !important; word-wrap: break-word !important; background-color: rgb(255, 255, 255);">　　年度声音</p><p style="margin-top: 0px; margin-bottom: 0px; padding: 0px; max-width: 100%; clear: both; min-height: 1em; white-space: pre-wrap; font-family: &#39;Helvetica Neue&#39;, Helvetica, &#39;Hiragino Sans GB&#39;, &#39;Microsoft YaHei&#39;, Arial, sans-serif; line-height: 25.6000003814697px; box-sizing: border-box !important; word-wrap: break-word !important; background-color: rgb(255, 255, 255);"><br style="margin: 0px; padding: 0px; max-width: 100%; box-sizing: border-box !important; word-wrap: break-word !important;"/></p><p style="margin-top: 0px; margin-bottom: 0px; padding: 0px; max-width: 100%; clear: both; min-height: 1em; white-space: pre-wrap; font-family: &#39;Helvetica Neue&#39;, Helvetica, &#39;Hiragino Sans GB&#39;, &#39;Microsoft YaHei&#39;, Arial, sans-serif; line-height: 25.6000003814697px; box-sizing: border-box !important; word-wrap: break-word !important; background-color: rgb(255, 255, 255);">　　我猜想造假已经有明确的分工，比如人物画，有专门研究我舞蹈的用笔，还有专门研究我书法的用笔，这个我已经发现了，仿到七八成像，这就让我很吃惊，流到市场上很难分辨。</p><p style="margin-top: 0px; margin-bottom: 0px; padding: 0px; max-width: 100%; clear: both; min-height: 1em; white-space: pre-wrap; font-family: &#39;Helvetica Neue&#39;, Helvetica, &#39;Hiragino Sans GB&#39;, &#39;Microsoft YaHei&#39;, Arial, sans-serif; line-height: 25.6000003814697px; box-sizing: border-box !important; word-wrap: break-word !important; background-color: rgb(255, 255, 255);"><br style="margin: 0px; padding: 0px; max-width: 100%; box-sizing: border-box !important; word-wrap: break-word !important;"/></p><p style="margin-top: 0px; margin-bottom: 0px; padding: 0px; max-width: 100%; clear: both; min-height: 1em; white-space: pre-wrap; font-family: &#39;Helvetica Neue&#39;, Helvetica, &#39;Hiragino Sans GB&#39;, &#39;Microsoft YaHei&#39;, Arial, sans-serif; line-height: 25.6000003814697px; box-sizing: border-box !important; word-wrap: break-word !important; background-color: rgb(255, 255, 255);">　　——杨之光 广州美术学院教授</p><p><br/></p>', '2015-05-17 15:35:37', '2015-05-17 15:35:37', 3, 4),
(24, 701, '艺术品是家庭最佳的传世财富', '<p style="margin-top: 0px; margin-bottom: 0px; padding: 0px; max-width: 100%; clear: both; min-height: 1em; white-space: pre-wrap; color: rgb(62, 62, 62); font-family: &#39;Helvetica Neue&#39;, Helvetica, &#39;Hiragino Sans GB&#39;, &#39;Microsoft YaHei&#39;, Arial, sans-serif; line-height: 25.6000003814697px; box-sizing: border-box !important; word-wrap: break-word !important; background-color: rgb(255, 255, 255);">在中国人的传统思想中，给孩子留一笔资产的想法是根深蒂固的。每一个做父母的，不管家庭状况如何，都想对得起自己的子女，让孩子以后拥有一笔财富，希望孩子们离开自己的庇佑后能经得起风雨，保障他们过着幸福美满安康的日子。特别是富裕的家庭，这种观念更加严重，这种思想一辈一辈，周而复始，世代相传。父母好像为哺育孩子才来到世间，是为后代的幸福活在世上，一辈子都是做着孩子打工仔的角色，贡献自己的一生，即使自己在老弱不为丶风蚀残年的情况下，心中也在惦记着给孩子留些什么来保障他们以后生活更美好。中国一代一代的父母真的既伟大而又可怜。<br style="margin: 0px; padding: 0px; max-width: 100%; box-sizing: border-box !important; word-wrap: break-word !important;"/> &nbsp; &nbsp; &nbsp; &nbsp;直至现在，家庭传世收藏延续一千多年。国家昌盛经济繁荣，国民生活大幅度提高，也繁衍了大量资本雄厚的家庭，这种观念在他们心中更加强烈。一是想在当前自已经济条件允许的情况下投资收藏，好给孩子留下一堆宝物，供他们今生享用，保障孩子生活美满幸福，即使在他人生遇到困难的时候，也能对他们有所帮助，度难解危；二是担心自己资本将来出现不测，留一批“宝贝”备急之用，给家庭今后生活也留个“底气。”</p><p style="margin-top: 0px; margin-bottom: 0px; padding: 0px; max-width: 100%; clear: both; min-height: 1em; white-space: pre-wrap; color: rgb(62, 62, 62); font-family: &#39;Helvetica Neue&#39;, Helvetica, &#39;Hiragino Sans GB&#39;, &#39;Microsoft YaHei&#39;, Arial, sans-serif; line-height: 25.6000003814697px; box-sizing: border-box !important; word-wrap: break-word !important; background-color: rgb(255, 255, 255);"><img src="/upload/page/image/20150518/1431912484114675.png" title="1431912484114675.png" alt="blob.png"/></p><p style="margin-top: 0px; margin-bottom: 0px; padding: 0px; max-width: 100%; clear: both; min-height: 1em; white-space: pre-wrap; color: rgb(62, 62, 62); font-family: &#39;Helvetica Neue&#39;, Helvetica, &#39;Hiragino Sans GB&#39;, &#39;Microsoft YaHei&#39;, Arial, sans-serif; line-height: 25.6000003814697px; box-sizing: border-box !important; word-wrap: break-word !important; background-color: rgb(255, 255, 255);">在一代一代的中国传统收藏中，因中国人具有深厚的文化情节，艺术品成为收藏的首选目标，特别是书法和绘画作品，因观赏性强，品格风雅，能够陶冶情操修身养性，以及具有传世资本价值的长久性倍受青睐。宋元至今，追求书法绘画艺术品收藏的人越来越多，时至今日，时代的进步和发展，书画艺术品已从历代的王公贵族丶官宦名流丶文人墨客家的专享藏赏之物，进入到现在的普通人家 &nbsp;宋元明清时期玩收藏的人是以名人字画为主，而那个时候的收藏家有着很高的文化修养和艺术造诣。在每个朝代的各个时期，虽然也多灾多难，经济环境和各方面的条件与现在无可比性，但传承艺术收藏的一些家族，竟在二三百年家族能不倒，中间虽有危难，但几幅名人字画就会化险为夷，度难解忧。在日本和西方一些国家，也特别讲究家族式的传承收藏，而且艺术品视角遍布世界各地，他们特别讲究作品的传世意义，也为了达到传世的意义和规避风险，他们在选择画家上十分严谨，认真评判书画家的艺术水准，在投资收藏方式上，他们特别讲究“爷爷买，孙子卖”这种隔代卖的收藏投资理念和方式，而且这种隔代卖的时间差正好体现出爷爷那个时期的作品，到孙子辈时正好上升到一个良好价位。他们每年卖一两幅爷爷买的作品，然后，再用此款收一批当代优秀艺术家作品收藏流传。如果按我年龄算起，我现在卖得作品应该是我爷爷同期的艺术家作品，也就是齐白石到李可染这一年龄段限的画家。就这样，家族良性的传承艺术品投资收藏，使艺术品成为家庭最优质的传世财富。<br style="margin: 0px; padding: 0px; max-width: 100%; box-sizing: border-box !important; word-wrap: break-word !important;"/> &nbsp; &nbsp; &nbsp; &nbsp;文化艺术品收藏也是传承家庭文脉的一种优质方式。一个家庭没有文化是很可怕的，人生的意义和价值就大打折扣。文脉的延续对一个家族的品格和思想素质以及文化修养的熏陶极其重要。并且投资收藏的艺术品随着时间的延续价值不断的体现和放大。世界上也只有艺术品的价值具备永久性和很强的价值复活力量，多少战争和灾难过后，艺术品的价值能再次复活，而其它的一切荡然无存。历史就证明了这一点。在中国的历史上权贵富贾多如牛毛。就拿清朝山西票号银行来说吧，家家可是富可敌国。那时，这些票号老板们高枕无忧的想，他的财富就是十代八代子孙也用不完，如果有先见之明者告诉这些票号老板们三年之后就会穷家荡产，就是杀死他他都不会相信;前些年，当代那些有几十亿的超级富豪，十年下来至今已所剩无几。他们企业如日中天的时候，你对他说过几年他就会倒闭破产，他听了绝对不会相信，过几年他真倒闭了，他都不知道自己的钱怎么没的。我身边就有这样的一个例子。一位搞企业的浙江朋友，前些年经常从我和朋友那里拿画送人，当初他送出去的画虽没花多少钱，但目前已增值到两个亿左右，可是现在他的企业却面临倒闭。当初百万对他都不算钱，现在几十万对他都是巨款。假如他还有两个亿的艺术品，不是一个很好的保障吗，那个时候我让他自己留一部分收藏起来，他置之不理。</p><p style="margin-top: 0px; margin-bottom: 0px; padding: 0px; max-width: 100%; clear: both; min-height: 1em; white-space: pre-wrap; color: rgb(62, 62, 62); font-family: &#39;Helvetica Neue&#39;, Helvetica, &#39;Hiragino Sans GB&#39;, &#39;Microsoft YaHei&#39;, Arial, sans-serif; line-height: 25.6000003814697px; box-sizing: border-box !important; word-wrap: break-word !important; background-color: rgb(255, 255, 255);"><img src="/upload/page/image/20150519/1432001989136449.png" title="1432001989136449.png" alt="blob.png"/></p><p style="margin-top: 0px; margin-bottom: 0px; padding: 0px; max-width: 100%; clear: both; min-height: 1em; white-space: pre-wrap; color: rgb(62, 62, 62); font-family: &#39;Helvetica Neue&#39;, Helvetica, &#39;Hiragino Sans GB&#39;, &#39;Microsoft YaHei&#39;, Arial, sans-serif; line-height: 25.6000003814697px; box-sizing: border-box !important; word-wrap: break-word !important; background-color: rgb(255, 255, 255);">书画等艺术品的价值久经不衰是它自身的文化艺术价值的体现。别看一幅小小的作品，它是国家文化艺术的传承元素，它是体现国家民族精神和时代风貌的重要力量，它是宏扬国家文化艺术的中坚。民间传统文化艺术收藏，最终体现的是国家利益和家庭受益，试想，如果没有民间收藏，国家的文化艺术不可能良性延续传承，历代的文化艺术珍品就不会保留至今，中国文华就层层断代。那我们的国家会成什么样：国家文化无源如人无脉无宗，孤魂野鬼。所以，家庭收藏对家庭对国家意义是重大的，艺术品价值的永久性就体现在这里。</p><p><br/></p>', '2015-05-17 15:36:14', '2015-05-17 15:36:14', 11, 1),
(25, 704, '史上十大最贵拍卖艺术品（图）', '<p style="margin-top: 0px; margin-bottom: 0px; padding: 0px; max-width: 100%; clear: both; min-height: 1em; white-space: pre-wrap; color: rgb(62, 62, 62); font-family: &#39;Helvetica Neue&#39;, Helvetica, &#39;Hiragino Sans GB&#39;, &#39;Microsoft YaHei&#39;, Arial, sans-serif; line-height: 25.6000003814697px; box-sizing: border-box !important; word-wrap: break-word !important; background-color: rgb(255, 255, 255);">1日在美国纽约举办的佳士得拍卖会上，西班牙画家巴勃罗·毕加索的油画作品《阿尔及尔的女人(O版)》以超过1.79亿美元的天价拍出，创艺术品拍卖史价格新高。</p><p style="margin-top: 0px; margin-bottom: 0px; padding: 0px; max-width: 100%; clear: both; min-height: 1em; white-space: pre-wrap; color: rgb(62, 62, 62); font-family: &#39;Helvetica Neue&#39;, Helvetica, &#39;Hiragino Sans GB&#39;, &#39;Microsoft YaHei&#39;, Arial, sans-serif; line-height: 25.6000003814697px; box-sizing: border-box !important; word-wrap: break-word !important; background-color: rgb(255, 255, 255);"><br/></p><p style="margin-top: 0px; margin-bottom: 0px; padding: 0px; max-width: 100%; clear: both; min-height: 1em; white-space: normal; color: rgb(62, 62, 62); border: 0px currentcolor; line-height: 26px; font-family: 宋体, Arial, Helvetica, sans-serif; font-size: 14px; list-style-type: none; box-sizing: border-box !important; word-wrap: break-word !important; background-color: rgb(247, 247, 247);"><span style="margin: 0px; padding: 0px; max-width: 100%; font-size: 16px; box-sizing: border-box !important; word-wrap: break-word !important;">　　<strong style="margin: 0px; padding: 0px; max-width: 100%; border: 0px currentcolor; list-style-type: none; box-sizing: border-box !important; word-wrap: break-word !important;">以下是在拍卖史上成交额排前10的艺术作品：</strong></span></p><p style="margin-top: 0px; margin-bottom: 0px; padding: 0px; max-width: 100%; clear: both; min-height: 1em; white-space: normal; color: rgb(62, 62, 62); border: 0px currentcolor; line-height: 26px; font-family: 宋体, Arial, Helvetica, sans-serif; font-size: 14px; list-style-type: none; box-sizing: border-box !important; word-wrap: break-word !important; background-color: rgb(247, 247, 247);"><span style="margin: 0px; padding: 0px; max-width: 100%; font-size: 16px; box-sizing: border-box !important; word-wrap: break-word !important;"><strong style="margin: 0px; padding: 0px; max-width: 100%; border: 0px currentcolor; list-style-type: none; box-sizing: border-box !important; word-wrap: break-word !important;"><img src="/upload/page/image/20150518/1431912503470552.png" title="1431912503470552.png" alt="blob.png"/></strong></span></p><p style="margin-top: 0px; margin-bottom: 0px; padding: 0px; max-width: 100%; clear: both; min-height: 1em; white-space: normal; color: rgb(62, 62, 62); border: 0px currentcolor; text-align: center; line-height: 26px; font-family: 宋体, Arial, Helvetica, sans-serif; font-size: 14px; list-style-type: none; box-sizing: border-box !important; word-wrap: break-word !important; background-color: rgb(247, 247, 247);"><span style="margin: 0px; padding: 0px; max-width: 100%; border: 0px currentcolor; color: rgb(102, 102, 102); font-size: 16px; list-style-type: none; box-sizing: border-box !important; word-wrap: break-word !important;">2015年5月11日，美国纽约佳士得拍卖会上，西班牙画家巴勃罗·毕加索的油画作品《阿尔及尔的女人（o版）》以超过1.79亿美元价格成交。</span></p><p style="margin-top: 0px; margin-bottom: 0px; padding: 0px; max-width: 100%; clear: both; min-height: 1em; white-space: normal; color: rgb(62, 62, 62); border: 0px currentcolor; line-height: 26px; font-family: 宋体, Arial, Helvetica, sans-serif; font-size: 14px; list-style-type: none; box-sizing: border-box !important; word-wrap: break-word !important; background-color: rgb(247, 247, 247);"><span style="margin: 0px; padding: 0px; max-width: 100%; border: 0px currentcolor; color: rgb(102, 102, 102); font-size: 16px; list-style-type: none; box-sizing: border-box !important; word-wrap: break-word !important;"><img src="/upload/page/image/20150519/1432002021948893.png" title="1432002021948893.png" alt="blob.png"/></span></p><p style="margin-top: 0px; margin-bottom: 0px; padding: 0px; max-width: 100%; clear: both; min-height: 1em; white-space: normal; color: rgb(62, 62, 62); border: 0px currentcolor; text-align: center; line-height: 26px; font-family: 宋体, Arial, Helvetica, sans-serif; font-size: 14px; list-style-type: none; box-sizing: border-box !important; word-wrap: break-word !important; background-color: rgb(247, 247, 247);"><span style="margin: 0px; padding: 0px; max-width: 100%; border: 0px currentcolor; color: rgb(102, 102, 102); font-size: 16px; list-style-type: none; box-sizing: border-box !important; word-wrap: break-word !important;">当天同一拍卖会上，瑞士雕塑家阿尔贝托·贾科梅蒂的青铜雕刻作品《遥指》以超过1.4亿美元价格成交。</span><br style="margin: 0px; padding: 0px; max-width: 100%; box-sizing: border-box !important; word-wrap: break-word !important;"/></p><p style="margin-top: 0px; margin-bottom: 0px; padding: 0px; max-width: 100%; clear: both; min-height: 1em; white-space: pre-wrap; color: rgb(62, 62, 62); font-family: &#39;Helvetica Neue&#39;, Helvetica, &#39;Hiragino Sans GB&#39;, &#39;Microsoft YaHei&#39;, Arial, sans-serif; line-height: 25.6000003814697px; text-align: center; box-sizing: border-box !important; word-wrap: break-word !important; background-color: rgb(255, 255, 255);"><br/></p><p style="margin-top: 0px; margin-bottom: 0px; padding: 0px; max-width: 100%; clear: both; min-height: 1em; white-space: normal; color: rgb(62, 62, 62); border: 0px currentcolor; text-align: center; line-height: 26px; font-family: 宋体, Arial, Helvetica, sans-serif; font-size: 14px; list-style-type: none; box-sizing: border-box !important; word-wrap: break-word !important; background-color: rgb(247, 247, 247);"><span style="margin: 0px; padding: 0px; max-width: 100%; border: 0px currentcolor; color: rgb(102, 102, 102); font-size: 16px; list-style-type: none; box-sizing: border-box !important; word-wrap: break-word !important;">2010年5月4日，纽约佳士得拍卖会上，毕加索画作《裸体、绿叶和半身像》以大约1.06亿美元价格拍出。</span></p><p style="margin-top: 0px; margin-bottom: 0px; padding: 0px; max-width: 100%; clear: both; min-height: 1em; white-space: normal; color: rgb(62, 62, 62); border: 0px currentcolor; line-height: 26px; font-family: 宋体, Arial, Helvetica, sans-serif; font-size: 14px; list-style-type: none; box-sizing: border-box !important; word-wrap: break-word !important; background-color: rgb(247, 247, 247);"><br/></p><p style="margin-top: 0px; margin-bottom: 0px; padding: 0px; max-width: 100%; clear: both; min-height: 1em; white-space: pre-wrap; color: rgb(62, 62, 62); font-family: &#39;Helvetica Neue&#39;, Helvetica, &#39;Hiragino Sans GB&#39;, &#39;Microsoft YaHei&#39;, Arial, sans-serif; line-height: 25.6000003814697px; text-align: center; box-sizing: border-box !important; word-wrap: break-word !important; background-color: rgb(255, 255, 255);"><br/></p><p style="margin-top: 0px; margin-bottom: 0px; padding: 0px; max-width: 100%; clear: both; min-height: 1em; white-space: normal; color: rgb(62, 62, 62); border: 0px currentcolor; text-align: center; line-height: 26px; font-family: 宋体, Arial, Helvetica, sans-serif; font-size: 14px; list-style-type: none; box-sizing: border-box !important; word-wrap: break-word !important; background-color: rgb(247, 247, 247);"><span style="margin: 0px; padding: 0px; max-width: 100%; border: 0px currentcolor; color: rgb(102, 102, 102); font-size: 16px; list-style-type: none; box-sizing: border-box !important; word-wrap: break-word !important;">2013年11月13日，纽约苏富比拍卖会上，安迪·沃霍尔作品《银色车祸》以超过1.05亿美元价格拍出。</span><br style="margin: 0px; padding: 0px; max-width: 100%; box-sizing: border-box !important; word-wrap: break-word !important;"/></p><p style="margin-top: 0px; margin-bottom: 0px; padding: 0px; max-width: 100%; clear: both; min-height: 1em; white-space: pre-wrap; color: rgb(62, 62, 62); font-family: &#39;Helvetica Neue&#39;, Helvetica, &#39;Hiragino Sans GB&#39;, &#39;Microsoft YaHei&#39;, Arial, sans-serif; line-height: 25.6000003814697px; text-align: center; box-sizing: border-box !important; word-wrap: break-word !important; background-color: rgb(255, 255, 255);"><br/></p><p style="margin-top: 0px; margin-bottom: 0px; padding: 0px; max-width: 100%; clear: both; min-height: 1em; white-space: normal; color: rgb(62, 62, 62); border: 0px currentcolor; text-align: center; line-height: 26px; font-family: 宋体, Arial, Helvetica, sans-serif; font-size: 14px; list-style-type: none; box-sizing: border-box !important; word-wrap: break-word !important; background-color: rgb(247, 247, 247);"><span style="margin: 0px; padding: 0px; max-width: 100%; border: 0px currentcolor; color: rgb(102, 102, 102); font-size: 16px; list-style-type: none; box-sizing: border-box !important; word-wrap: break-word !important;">2013年11月12日，纽约佳士得拍卖会上，英国著名画家弗朗西斯·培根的《卢西恩·弗洛伊德肖像画习作》以超过1.4亿美元价格成交。</span><br style="margin: 0px; padding: 0px; max-width: 100%; box-sizing: border-box !important; word-wrap: break-word !important;"/></p><p style="margin-top: 0px; margin-bottom: 0px; padding: 0px; max-width: 100%; clear: both; min-height: 1em; white-space: pre-wrap; color: rgb(62, 62, 62); font-family: &#39;Helvetica Neue&#39;, Helvetica, &#39;Hiragino Sans GB&#39;, &#39;Microsoft YaHei&#39;, Arial, sans-serif; line-height: 25.6000003814697px; text-align: center; box-sizing: border-box !important; word-wrap: break-word !important; background-color: rgb(255, 255, 255);"><br/></p><p style="margin-top: 0px; margin-bottom: 0px; padding: 0px; max-width: 100%; clear: both; min-height: 1em; white-space: normal; color: rgb(62, 62, 62); border: 0px currentcolor; text-align: center; line-height: 26px; font-family: 宋体, Arial, Helvetica, sans-serif; font-size: 14px; list-style-type: none; box-sizing: border-box !important; word-wrap: break-word !important; background-color: rgb(247, 247, 247);"><span style="margin: 0px; padding: 0px; max-width: 100%; border: 0px currentcolor; color: rgb(102, 102, 102); font-size: 16px; list-style-type: none; box-sizing: border-box !important; word-wrap: break-word !important;">2012年5月2日，纽约苏富比拍卖会上，挪威绘画大师爱德华·蒙克的《呐喊》以近1.2亿美元价格成交。</span></p><p style="margin-top: 0px; margin-bottom: 0px; padding: 0px; max-width: 100%; clear: both; min-height: 1em; white-space: normal; color: rgb(62, 62, 62); border: 0px currentcolor; line-height: 26px; font-family: 宋体, Arial, Helvetica, sans-serif; font-size: 14px; list-style-type: none; box-sizing: border-box !important; word-wrap: break-word !important; background-color: rgb(247, 247, 247);"><br/></p><p style="margin-top: 0px; margin-bottom: 0px; padding: 0px; max-width: 100%; clear: both; min-height: 1em; white-space: pre-wrap; color: rgb(62, 62, 62); font-family: &#39;Helvetica Neue&#39;, Helvetica, &#39;Hiragino Sans GB&#39;, &#39;Microsoft YaHei&#39;, Arial, sans-serif; line-height: 25.6000003814697px; text-align: center; box-sizing: border-box !important; word-wrap: break-word !important; background-color: rgb(255, 255, 255);"><br/></p><p style="margin-top: 0px; margin-bottom: 0px; padding: 0px; max-width: 100%; clear: both; min-height: 1em; white-space: normal; color: rgb(62, 62, 62); border: 0px currentcolor; text-align: center; line-height: 26px; font-family: 宋体, Arial, Helvetica, sans-serif; font-size: 14px; list-style-type: none; box-sizing: border-box !important; word-wrap: break-word !important; background-color: rgb(247, 247, 247);"><span style="margin: 0px; padding: 0px; max-width: 100%; border: 0px currentcolor; color: rgb(102, 102, 102); font-size: 16px; list-style-type: none; box-sizing: border-box !important; word-wrap: break-word !important;">2010年2月3日，伦敦苏富比拍卖会上，贾科梅蒂雕刻作品《行走的人I》以将近1.04亿美元价格拍出。</span><br style="margin: 0px; padding: 0px; max-width: 100%; box-sizing: border-box !important; word-wrap: break-word !important;"/></p><p style="margin-top: 0px; margin-bottom: 0px; padding: 0px; max-width: 100%; clear: both; min-height: 1em; white-space: pre-wrap; color: rgb(62, 62, 62); font-family: &#39;Helvetica Neue&#39;, Helvetica, &#39;Hiragino Sans GB&#39;, &#39;Microsoft YaHei&#39;, Arial, sans-serif; line-height: 25.6000003814697px; text-align: center; box-sizing: border-box !important; word-wrap: break-word !important; background-color: rgb(255, 255, 255);"><br/></p><p style="margin-top: 0px; margin-bottom: 0px; padding: 0px; max-width: 100%; clear: both; min-height: 1em; white-space: normal; color: rgb(62, 62, 62); border: 0px currentcolor; text-align: center; line-height: 26px; font-family: 宋体, Arial, Helvetica, sans-serif; font-size: 14px; list-style-type: none; box-sizing: border-box !important; word-wrap: break-word !important; background-color: rgb(247, 247, 247);"><span style="margin: 0px; padding: 0px; max-width: 100%; border: 0px currentcolor; color: rgb(102, 102, 102); font-size: 16px; list-style-type: none; box-sizing: border-box !important; word-wrap: break-word !important;">2014年11月4日，纽约苏富比拍卖会上，贾科梅蒂作品《双轮战车》以超过1亿美元成交。</span></p><p style="margin-top: 0px; margin-bottom: 0px; padding: 0px; max-width: 100%; clear: both; min-height: 1em; white-space: normal; color: rgb(62, 62, 62); border: 0px currentcolor; line-height: 26px; font-family: 宋体, Arial, Helvetica, sans-serif; font-size: 14px; list-style-type: none; box-sizing: border-box !important; word-wrap: break-word !important; background-color: rgb(247, 247, 247);"><br/></p><p style="margin-top: 0px; margin-bottom: 0px; padding: 0px; max-width: 100%; clear: both; min-height: 1em; white-space: pre-wrap; color: rgb(62, 62, 62); font-family: &#39;Helvetica Neue&#39;, Helvetica, &#39;Hiragino Sans GB&#39;, &#39;Microsoft YaHei&#39;, Arial, sans-serif; line-height: 25.6000003814697px; text-align: center; box-sizing: border-box !important; word-wrap: break-word !important; background-color: rgb(255, 255, 255);"><br/></p><p style="margin-top: 0px; margin-bottom: 0px; padding: 0px; max-width: 100%; clear: both; min-height: 1em; white-space: normal; color: rgb(62, 62, 62); border: 0px currentcolor; text-align: center; line-height: 26px; font-family: 宋体, Arial, Helvetica, sans-serif; font-size: 14px; list-style-type: none; box-sizing: border-box !important; word-wrap: break-word !important; background-color: rgb(247, 247, 247);"><span style="margin: 0px; padding: 0px; max-width: 100%; border: 0px currentcolor; color: rgb(102, 102, 102); font-size: 16px; list-style-type: none; box-sizing: border-box !important; word-wrap: break-word !important;">2004年5月5日，纽约苏富比拍卖会上，毕加索画作《拿着烟斗的男孩》以1.04多亿美元价格拍出。</span></p><p style="margin-top: 0px; margin-bottom: 0px; padding: 0px; max-width: 100%; clear: both; min-height: 1em; white-space: normal; color: rgb(62, 62, 62); border: 0px currentcolor; line-height: 26px; font-family: 宋体, Arial, Helvetica, sans-serif; font-size: 14px; list-style-type: none; box-sizing: border-box !important; word-wrap: break-word !important; background-color: rgb(247, 247, 247);"><span style="margin: 0px; padding: 0px; max-width: 100%; border: 0px currentcolor; color: rgb(102, 102, 102); font-size: 16px; list-style-type: none; box-sizing: border-box !important; word-wrap: break-word !important;"><img src="/upload/page/image/20150519/1432002047133127.png" title="1432002047133127.png" alt="blob.png"/></span></p><p style="margin-top: 0px; margin-bottom: 0px; padding: 0px; max-width: 100%; clear: both; min-height: 1em; white-space: normal; color: rgb(62, 62, 62); border: 0px currentcolor; text-align: center; line-height: 26px; font-family: 宋体, Arial, Helvetica, sans-serif; font-size: 14px; list-style-type: none; box-sizing: border-box !important; word-wrap: break-word !important; background-color: rgb(247, 247, 247);"><span style="margin: 0px; padding: 0px; max-width: 100%; border: 0px currentcolor; color: rgb(102, 102, 102); font-size: 16px; list-style-type: none; box-sizing: border-box !important; word-wrap: break-word !important;">2006年5月3日，纽约苏富比拍卖会上，毕加索画作《多拉·马尔与猫》以9521万美元价格成交。</span></p><p><br/></p>', '2015-05-17 15:40:09', '2015-05-17 15:40:09', 16, 2),
(28, 701, '游江：表意的自身主观艺术空间——谈s孟涛艺术展', '<p style="margin-bottom: 10px;"><img src="/upload/page/image/20150519/1432001451102919.png" title="1432001451102919.png" alt="blob.png"/></p><p style="line-height: 1.75em; margin-bottom: 10px;">最初看到孟涛老师的作品是在坦克库参加活动的时候，在《当代美术家》杂志展上看到的作品，可能是早期的一些中国式的油画风景作品，印象还是比较深刻的，后来通过网络媒体看到你之后参加的个展和群展，尤其是和邱光平老师的“禽兽人间”的展览，看到你的一些艺术语言和主题的转变。一般来说，我们记住一个艺术家的风格往往是比较与其他人不同的，彰显个人特色的艺术风格，当代很多批评家、艺术史家也是用艺术风格区别不同的艺术家，讲述艺术史。从编年体到风格史，我们看到每个艺术家在艺术史上有比较相对稳定的艺术风格，我们今天在这个展览上看到了孟涛老师的作品其实是比较多样的。</p><p style="line-height: 1.75em; margin-bottom: 10px;">现代艺术以来，很多艺术家在一生艺术生涯当中拥有不同的艺术时期，不同的艺术时期可能就会有不同的艺术表现。虽然说作品表达出来的都是艺术化的图像，但是在当代油画中，这些图像并不是在对现实简单的描摹和挪用，更多是一种表意的自身主观的艺术空间，这与艺术家的教育背景、生存环境对现实的思考有很大的关系，我们可以感受到一个艺术家于现实的生活环境投射到作品当中的想法，我们作为现实当中的个人在看到这些作品的时候也容易感同身受，受到一些启发和思考。近几年我们看到孟涛老师的作品，可以感受到一个艺术家的一种体验和感悟的过程，可以感觉到对于看待社会与自然的视角的转变，以及观念的不断深化。</p><p style="line-height: 1.75em; margin-bottom: 10px;">他把自己的作品介入现实的突兀的问题之中，他早期画的山水也不是我们看到的而对风景写生的山水，而是净化的理想化的山水，今天我们看到的山水，“精神和自然的风景”，我们通过这些作品看到了一个很忧虑、很不安的现状，体验到艺术家对于现实生存环境的忧虑。我自己也是从小画画，自己也比较喜欢架上的作品，首先技法上特别注重绘画性，错乱一样的笔痕，特别富有视觉张力，带给我们一种视觉愉悦的同时，又有细部可以去细细品位。第二，他的作品立意比较深刻，作品表现出来的审美对象不是客观的再现，而是经过了艺术家主观的建构后的象征性的表达。我自己对于绘画性作品比较感兴趣，我们现在都生活在一个图像时代，图像语言不可避免会影响到绘画，我们川籍贯的美术家，包括西南一部分青年艺术家非常喜欢运用图像来表达，甚至有很多人运用一些非常浅显的符号，为了迎合市场，把这些叠加在一起，基本上和电脑制图没有什么不一样，只不过换了一个材料而已，像这样的作品我们是要批判的。最后，通过孟老师的作品给我一个启示，我以前在美院也学习过很多年，对美院的老师有一个偏见，认为美院老师比较迷恋架上绘画，喜欢把自己约束在国、油、版、雕，相对比较传统的、自己熟知的领域，但是孟老师从架上走到架下，他给我们的启示是，表现的语言不是最重要的，最主要的找到最切合的语言表达一个艺术家的体验。</p><p><br/></p>', '2015-05-19 10:11:43', '2015-05-19 10:11:43', 75, 5),
(29, 701, '西安美术馆展览评论 | 须弥墟——邱光平作品展生s', '<p style="line-height: 1.75em; margin-bottom: 10px;"><video class="edui-upload-video  vjs-default-skin          video-js" controls="" preload="none" width="420" height="280" src="/upload/page/video/20150714/1436864559556414.mp4" data-setup="{}"><source src="/upload/page/video/20150714/1436864559556414.mp4" type="video/mp4"/></video><img src="/upload/page/image/20150519/1432001524134616.png" title="1432001524134616.png" alt="blob.png" style="line-height: 1.75em;"/><br/></p><p style="line-height: 1.75em; margin-bottom: 10px;"><span style="font-size: 18px;">须弥墟</span></p><p style="line-height: 1.75em; margin-bottom: 10px;"><span style="font-size: 18px;">文/吴鸿</span></p><p style="line-height: 1.75em; margin-bottom: 10px;"><span style="font-size: 18px;">须弥在佛教的教义中是一座神山，意味着世界的中心；同时，也是宇宙结构的一种象征。须弥也被称作为妙高、曼陀罗，中文一般称之为坛城。它在佛教的知识框架中不仅意味着是一种空间结构标示，同时，也是一个价值判断的指向，意指一切世间最美好的东西，用世俗的语言来表达就是天堂。</span></p><p style="line-height: 1.75em; margin-bottom: 10px;"><span style="font-size: 18px;">自2013年邱光平的大型个展“天堂”在广东美术馆展出之后，作为策展人，我和艺术家邱光平都感觉到了一种激情被透支、耗尽的空虚和疲乏。那是我和邱光平的团队历时近两年筹备、实施的结果，同时，对于邱光平的创作而言，也是一个阶段性的沉淀和总结。一般而言，这样规模的个展，在一个艺术家的一生中也不会多过几次。但是，短短经过了一年多的时间而已，邱光平又要准备另一个规模也不小的个展，说实话，作为老朋友，我也是在为他捏把汗。广东美术馆的个展之后，他本可以把个展上获得普遍好评的图式、风格继续保持好，同时在市场中花时间经营好。天堂，既是他两年前那次个展的主题和框架结构；同时，对于他而言，也是一个创作的阶段性高度。很多人会沉浸在这种暂时性的成功中沾沾自喜，从而往往被市场快速消费掉，这种例子在近些年的艺术生态中数不胜数。</span></p><p style="line-height: 1.75em; margin-bottom: 10px;"><span style="font-size: 18px;">其实，“天堂”在那个展览中也是一个语义双关的隐喻，它所探讨的是物质文明高度繁荣的现实社会中灵魂所受到的煎熬和救赎。这是邱光平作品发展的一个必然性的逻辑结果。在他早期的作品中，马是他自由、率真性格的外显，这期间，他的作品所自然流露出来的是一种英雄主义式的理想情怀。慢慢地，有了深厚的社会思考积累之后，马又外化成为一种古典人文情结，被今天的工业文明挤压下内心的愤懑和困顿。当所有的这一切沿着人内心欲望的线索，向更为深层次的人性深度去挖掘的时候，所谓物质的天堂和人性的地狱两重共生关系便显现出来。所以，所谓在全球化背景下的天堂盛景中，又是一个人性的炼狱与理想的废墟。本文的标题“须弥墟”即指此意。</span></p><p style="line-height: 1.75em; margin-bottom: 10px;"><span style="font-size: 18px;">我们可以想象，当一个艺术家在近两年的时间里为了准备这样一个超大规模的展览，并且为了创作作品而必须深陷这样一个沉重主题的时候，他内心的煎熬与挣扎是我们难以理解的。展览结束之后，因为我作为策展人参与其中，深知这个过程就像一个无底的深渊，会吞噬掉人的所有激情与精力。所以，我曾反复叮嘱邱光平在展览结束后一定要休整好，这既是一个身体的恢复，也是一个在经历了精神的炼狱过程之后灵魂的修复。</span></p><p style="line-height: 1.75em; margin-bottom: 10px;"><span style="font-size: 18px;">但是稍后不久，我便听说他又开始了一个名为“转山”的活动，这是前往西藏阿里无人区的自驾之旅。通过和他在一起筹备个展近两年的合作过程，我深知他的这次活动与宗教无关，与民俗风情也没有关系。显然，他是想在达到了一个创作的高度之后，通过身体的磨难来实现精神上的再一次涅槃重生。他的性格就像一个战士、一匹野马，只有把自己逼到一个绝境之后才能唤起内心深处的那种面对新问题的勇气和斗志，而不是坐享市场带来的经济回报。那次转山的过程中，在西藏的神山圣湖之间，一方面是视觉上如梦幻般的绝世美景；另一方面，因为缺氧和高原反应，人的身体又要承受着剧烈的头痛和胃里如翻江倒海般的恶心呕吐，这种经历，使他切身地感受到，所谓的天堂和地狱，本是一念之间的转换，而人性就是在这个天堂和地狱、善与恶的临界点上，或升华、或堕落。这是邱光平的作品自浪漫主义英雄情结向社会批评、社会政治学分析，最后走向哲学追问的一个转换。在他近期的作品中，此前多由马或秃鹫的形象来隐喻的人性重新以人物形象表现出来，那些挣扎在这“一念之中”的芸芸众生，他们似乎处于一种临界状态之中，所谓“须弥芥子”，无限大与无限小在某种本质上是统一的。而这些人物形象也仿佛是一种建立在人性和人类欲望基础上的世界原型，他们是走向天堂还是坠入地狱，或理想中的天堂已经成为了一座废墟？须弥墟境，或许这才是邱光平试图要找到的一种能够传达他此时心境的视觉图像。</span></p><p style="line-height: 1.75em; margin-bottom: 10px;"><span style="font-size: 18px;">转山，实际上代表了邱光平心理活动的轨迹。而与此相对应的是转城市，这是在艺术家心理活动轨迹的基础上，所对应的思考、分析对象，它是在社会学和文化学层面中展开，以一种历时的方式来演进，最后达到一种共时性的比较分析的意义。邱光平在近十年中选择做个展的城市，从他的故乡四川开始，然后是上海、温州、广州，直到这次个展的城市——西安。从这个逻辑中我们可以看出，展览城市的选择并不是一个偶然的结果，而是和他的创作主题发展相适应的另一个空间场域。在他的早期浪漫主义阶段，他作品中的马是随性而自由的，当然随着社会文明的发展，它所代表着古典英雄主义情结在现代工业文明冲击下的丧失，马的形象又是忧郁中包含了英雄迟暮的怅惘。当这些拟人化的形象被放置到上海、温州这些代表着中国现阶段经济发展模式最为典型的城市中之后，邱光平的作品中又增加了一些明确的社会性批判的成分，这是他的作品从随性而自由的天性向社会性批判的深度发展的肇始。而在广州的个展，展览的主题在之前的基础上又向人性的分析和批判更为深入。他将人性的欲望批判放置在全球化的背景之中，试图从人性的历史分析中找到中国现阶段经济发展模式下社会困境的根源。在这次的西安个展里，从他的最新作品中，我感觉出他又在尝试着另一种创作方式，那就是文化历史批判。</span></p><p style="line-height: 1.75em; margin-bottom: 10px;"><span style="font-size: 18px;">西安是承载着太多历史文化记忆的一座城市，与邱光平之前的几次个展一贯的逻辑相一致，本次的个展虽然是在西安美术馆展出，但是他所要思考的问题已经超出了一个美术馆的空间范围。也就是说，美术馆对于他而言，并不仅仅是一个将作品摆放、陈列于其间的静止空间；美术馆在更大的空间范围中，还是一个地域属性的象征体。所以，从这个意义上来说，他在本次个展中更关心的是西安这个在某种程度上作为中国“传统”文化象征的城市，如何有更大的可能性被引入到他的作品意义逻辑中。在他之前的几个个展里，其主题虽然从其个人经验出发，经由社会性思考得以深入，但是从制度、文明的层面上展开批判的触角仍然是一种外部经验，那么，从文化的历史、文明的源头展开批判，则是从人文传统中找到剖析、判断现实问题的一种方法基础。这个意义上看，邱光平在通过个展来选择城市的行为轨迹像是划了一个圆圈，重新又回到了他的出发始点，但是，此时观察和分析问题的角度和高度已经截然不同。</span></p><p style="line-height: 1.75em; margin-bottom: 10px;"><span style="font-size: 18px;">这似乎是一个象征：一匹带着本能野性的战马，像堂•吉诃德那样去大战工业怪兽和国际资本，身心疲惫回到故乡，却发现故乡已经成为了一座精神的废墟。故乡在哪里？——须弥墟境中。</span></p><p><br/></p>', '2015-05-19 10:12:38', '2015-05-19 10:12:38', 175, 7);

-- --------------------------------------------------------

--
-- 表的结构 `t_smscode`
--

CREATE TABLE IF NOT EXISTS `t_smscode` (
  `id` int(11) NOT NULL AUTO_INCREMENT,
  `phone` varchar(16) DEFAULT NULL,
  `code` varchar(16) DEFAULT NULL,
  `ischeck` tinyint(1) DEFAULT '0',
  `createtime` datetime DEFAULT NULL,
  PRIMARY KEY (`id`)
) ENGINE=InnoDB  DEFAULT CHARSET=utf8 AUTO_INCREMENT=84 ;

--
-- 转存表中的数据 `t_smscode`
--

INSERT INTO `t_smscode` (`id`, `phone`, `code`, `ischeck`, `createtime`) VALUES
(1, '12345678901', '029055', 0, '2015-05-16 22:07:39'),
(2, '18782961855', '980945', 0, '2015-07-01 18:57:49'),
(3, '18782961855', '624177', 0, '2015-07-03 12:31:06'),
(4, '18782961855', '110944', 1, '2015-07-03 12:39:48'),
(5, '18782961855', '893531', 0, '2015-07-05 18:08:06'),
(6, '18782961855', '892782', 1, '2015-07-06 12:37:10'),
(7, '13032873238', '308224', 0, '2015-07-06 15:09:04'),
(8, '13032873238', '053625', 0, '2015-07-06 15:11:12'),
(9, '18224444563', '173892', 1, '2015-07-06 17:03:06'),
(10, '13557229610', '071732', 0, '2015-07-06 17:04:05'),
(11, '18224444563', '977664', 0, '2015-07-06 17:24:14'),
(12, '18224444563', '708310', 0, '2015-07-06 17:43:41'),
(13, '18224444563', '479067', 1, '2015-07-06 17:46:48'),
(14, '18224444563', '364949', 1, '2015-07-06 17:49:07'),
(15, '18224444563', '010546', 1, '2015-07-06 17:53:46'),
(16, '18224444563', '055389', 1, '2015-07-06 19:38:35'),
(17, '18224444563', '088256', 1, '2015-07-06 21:17:35'),
(18, '18224444563', '380101', 1, '2015-07-06 21:22:04'),
(19, '18224444563', '236058', 1, '2015-07-06 21:51:40'),
(20, '18224444563', '072239', 1, '2015-07-06 23:23:02'),
(21, '18224444563', '244572', 1, '2015-07-07 16:36:12'),
(22, '18215548407', '347897', 0, '2015-07-08 14:39:02'),
(23, '13032873238', '029136', 0, '2015-07-08 14:41:12'),
(24, '18215548407', '727397', 0, '2015-07-08 14:41:37'),
(25, '18782946225', '876864', 0, '2015-07-08 14:42:40'),
(26, '18782946225', '015493', 0, '2015-07-08 14:44:39'),
(27, '15928580431', '097314', 0, '2015-07-08 14:46:07'),
(28, '18215548407', '350141', 0, '2015-07-08 15:06:04'),
(29, '18215548407', '554162', 0, '2015-07-08 15:21:56'),
(30, '18215548407', '103904', 0, '2015-07-08 15:23:26'),
(31, '18215548407', '249328', 0, '2015-07-08 15:41:41'),
(32, '18215548407', '655786', 0, '2015-07-08 15:43:01'),
(33, '18215548407', '178364', 0, '2015-07-08 15:45:22'),
(34, '18215548407', '231169', 0, '2015-07-08 15:47:40'),
(35, '18215548407', '862824', 0, '2015-07-08 15:48:55'),
(36, '18215548407', '520227', 0, '2015-07-08 15:51:54'),
(37, '18215548407', '899944', 0, '2015-07-08 15:54:06'),
(38, '18215548407', '583504', 0, '2015-07-08 15:55:07'),
(39, '18215548407', '665390', 0, '2015-07-08 15:57:57'),
(40, '18215548407', '438277', 0, '2015-07-08 16:22:48'),
(41, '15928580434', '624701', 0, '2015-07-08 16:42:30'),
(42, '18828092272', '929364', 0, '2015-07-08 16:43:22'),
(43, '15928580431', '368974', 0, '2015-07-08 16:44:33'),
(44, '18215548407', '135636', 0, '2015-07-08 16:47:02'),
(45, '18215548407', '941621', 0, '2015-07-08 16:48:04'),
(46, '18215548407', '972566', 0, '2015-07-09 15:42:40'),
(47, '18215548407', '016298', 0, '2015-07-09 15:55:47'),
(48, '15928580431', '726515', 0, '2015-07-11 12:19:59'),
(49, '15928580431', '106737', 0, '2015-07-11 22:13:36'),
(50, '18828092272', '602575', 1, '2015-07-13 12:48:40'),
(51, '18071078860', '212258', 1, '2015-07-13 19:35:47'),
(52, '18071078860', '580963', 0, '2015-07-13 19:56:43'),
(53, '13032873238', '721270', 0, '2015-07-14 12:53:45'),
(54, '13032873238', '915444', 0, '2015-07-14 12:58:44'),
(55, '13032873238', '304634', 1, '2015-07-14 13:02:47'),
(56, '13032873238', '524140', 1, '2015-07-14 13:03:52'),
(57, '13032873238', '906679', 1, '2015-07-14 13:18:57'),
(58, '18224444563', '469519', 1, '2015-07-14 13:21:06'),
(59, '18224444563', '372524', 0, '2015-07-14 19:21:14'),
(60, '18224444563', '544862', 0, '2015-07-14 19:22:19'),
(61, '18030419853', '281693', 1, '2015-07-24 11:53:08'),
(62, '15928580431', '273782', 0, '2015-07-25 15:04:40'),
(63, '15928580431', '458855', 0, '2015-07-25 15:11:39'),
(64, '13032873238', '517790', 0, '2015-07-25 15:13:00'),
(65, '15928580431', '767209', 0, '2015-07-26 14:55:21'),
(66, '15345678964', '405866', 0, '2015-07-26 15:20:40'),
(67, '15925637894', '803137', 0, '2015-07-26 15:32:26'),
(68, '13312345678', '206902', 0, '2015-07-26 15:32:47'),
(69, '15928580431', '755536', 0, '2015-07-26 16:38:55'),
(70, '15928580431', '920060', 1, '2015-07-26 19:58:57'),
(71, '15928580431', '288137', 0, '2015-07-29 15:36:50'),
(72, '15928580456', '731089', 0, '2015-07-29 16:00:22'),
(73, '15928580431', '226124', 0, '2015-07-29 16:03:18'),
(74, '15928580431', '225350', 0, '2015-07-29 16:33:40'),
(75, '15928580431', '800599', 0, '2015-07-29 16:35:44'),
(76, '15928580431', '135739', 0, '2015-07-29 16:37:14'),
(77, '15928580431', '622109', 0, '2015-07-29 21:13:41'),
(78, '15928580431', '218331', 0, '2015-07-29 21:21:39'),
(79, '15928580431', '218938', 0, '2015-07-29 21:22:47'),
(80, '18782961855', '159691', 0, '2015-07-30 14:03:45'),
(81, '18782961855', '868095', 0, '2015-07-31 15:48:12'),
(82, '18782961855', '391999', 0, '2015-07-31 15:55:05'),
(83, '18782961855', '314440', 0, '2015-07-31 16:36:34');

-- --------------------------------------------------------

--
-- 表的结构 `t_suggest`
--

CREATE TABLE IF NOT EXISTS `t_suggest` (
  `id` int(11) NOT NULL AUTO_INCREMENT,
  `content` text CHARACTER SET utf8,
  `contact` varchar(255) CHARACTER SET utf8 DEFAULT NULL,
  `createtime` datetime DEFAULT NULL,
  PRIMARY KEY (`id`)
) ENGINE=InnoDB  DEFAULT CHARSET=latin1 AUTO_INCREMENT=29 ;

--
-- 转存表中的数据 `t_suggest`
--

INSERT INTO `t_suggest` (`id`, `content`, `contact`, `createtime`) VALUES
(1, 'sdffds f', 'dsafdsafsdf', '2015-06-16 17:14:50'),
(2, '斯蒂芬斯蒂芬森答复', 'dsafdsafsdf', '2015-06-16 17:16:10'),
(3, 'SweetAlert-js超酷消息警告框插件_jQuery之家-自由分享jQuery、...  2014年12月18日 - SweetAlert是一款使用纯js制作的消息警告框插件。这款消息警告框插件能够很容易的在警告框中插入图片、动画等元素,是替代原生消息警告框的最佳选择。 www.htmleaf.com/jQuery...  - 百度快照 - 评价 Sweet Alert - JS+CSS3实现动感弹窗提示框插件 - 站长素材', '送达方式大放送', '2015-06-24 20:12:09'),
(4, 'Sw框插件_jQuery之家-自由分享jQuery、...  2014年12月18日 - SweetAlert是一款使用纯js制作的消息警告框插件。这款消息警告框插件能够很容易的在警告框中插入图片、动画等元素,是替代原生消息警告框的最佳选择。 www.htmleaf.com/jQuery...  - 百度快照 - 评价 Sweet Alert - JS+CSS3实现动感弹窗提示框插件 - 站长素材', '送达方式大放送', '2015-06-24 20:12:16'),
(5, 'Sw框插件_jQuery之家-自由分享jQuery、...  2014年12月18日 - SweetAlert是一款使用纯js制作的消息警告框插件。这款消息警告框插件能够很容易的在警告框中插入图片、动画等元素,是替代原生消息警告框的最佳选择。 www.htmleaf.com/jQuery...  - 百度快照 - 评价 Sweet Alert - JS+CSS3实现动感弹窗提示框插件 - 站长素材', '送达方式', '2015-06-24 20:12:17'),
(6, 'Sw框插件_jQuery之家-自由分享jQuery、...  2014年12月18日 - SweetAlert是一款使用纯js制作的消息警告框插件。这款消息警告框插件能够很容易的在警告框中插入图片、动画等元素,是替代原生消息警告框的最佳选择。 www.htmleaf.com/jQuery...  - 百度快照 - 评价 Sweet Alert - JS+CSS3实现动感弹窗提示框插件 - 站长素材', 'dsf', '2015-06-24 20:12:21'),
(7, 'Sw框插件_jQuery之家-自由分享jQuery、...  2014年12月18日 - SweetAlert是一款使用纯js制作的消息警告框插件。这款消息警告框插件能够很容易的在警告框中插入图片、动画等元素,是替代原生消息警告框的最佳选择。 www.htmleaf.com/jQuery...  - 百度快照 - 评价 Sweet Alert - JS+CSS3实现动感弹窗提示框插件 - 站长素材', 'sdagsdag', '2015-06-24 20:12:23'),
(8, 'Sw框插件_jQuery之家-自由分享jQuery、...  2014年12月18日 - SweetAlert是一款使用纯js制作的消息警告框插件。这款消息警告框插件能够很容易的在警告框中插入图片、动画等元素,是替代原生消息警告框的最佳选择。 www.htmleaf.com/jQuery...  - 百度快照 - 评价 Sweet Alert - JS+CSS3实现动感弹窗提示框插件 - 站长素材', 'sdagsdagfasd', '2015-06-24 20:12:26'),
(9, 'Sw框插件_jQuery之家-自由分享jQuery、...  2014年12月18日 - SweetAlert是一款使用纯js制作的消息警告框插件。这款消息警告框插件能够很容易的在警告框中插入图片、动画等元素,是替代原生消息警告框的最佳选择。 www.htmleaf.com/jQuery...  - 百度快照 - 评价 Sweet Alert - JS+CSS3实现动感弹窗提示框插件 - 站长素材', 'sdagsdsfd', '2015-06-24 20:12:28'),
(10, 'Sw框插件_jQuery之家-自由分享jQuery、...  2014年12月18日 - SweetAlert是一款使用纯js制作的消息警告框插件。这款消息警告框插件能够很容易的在警告框中插入图片、动画等元素,是替代原生消息警告框的最佳选择。 www.htmleaf.com/jQuery...  - 百度快照 - 评价 Sweet Alert - JS+CSS3实现动感弹窗提示框插件 - 站长素材', 'df', '2015-06-24 20:12:30'),
(11, 'Sw框插件_jQuery之家-自由分享jQuery、...  2014年12月18日 - SweetAlert是一款使用纯js制作的消息警告框插件。这款消息警告框插件能够很容易的在警告框中插入图片、动画等元素,是替代原生消息警告框的最佳选择。 www.htmleaf.com/jQuery...  - 百度快照 - 评价 Sweet Alert - JS+CSS3实现动感弹窗提示框插件 - 站长素材', 'sdagdsagds', '2015-06-24 20:12:31'),
(12, 'Sw框插件_jQuery之家-自由分享jQuery、...  2014年12月18日 - SweetAlert是一款使用纯js制作的消息警告框插件。这款消息警告框插件能够很容易的在警告框中插入图片、动画等元素,是替代原生消息警告框的最佳选择。 www.htmleaf.com/jQuery...  - 百度快照 - 评价 Sweet Alert - JS+CSS3实现动感弹窗提示框插件 - 站长素材', 'sdagdsafd', '2015-06-24 20:12:32'),
(13, 'Sw框插件_jQuery之家-自由分享jQuery、...  2014年12月18日 - SweetAlert是一款使用纯js制作的消息警告框插件。这款消息警告框插件能够很容易的在警告框中插入图片、动画等元素,是替代原生消息警告框的最佳选择。 www.htmleaf.com/jQuery...  - 百度快照 - 评价 Sweet Alert - JS+CSS3实现动感弹窗提示框插件 - 站长素材', 'gdggggg', '2015-06-24 20:12:36'),
(14, 'Sw框插件_jQuery之家-自由分享jQuery、...  2014年12月18日 - SweetAlert是一款使用纯js制作的消息警告框插件。这款消息警告框插件能够很容易的在警告框中插入图片、动画等元素,是替代原生消息警告框的最佳选择。 www.htmleaf.com/jQuery...  - 百度快照 - 评价 Sweet Alert - JS+CSS3实现动感弹窗提示框插件 - 站长素材', 'sssss', '2015-06-24 20:12:37'),
(15, 'Sw框插件_jQuery之家-自由分享jQuery、...  2014年12月18日 - SweetAlert是一款使用纯js制作的消息警告框插件。这款消息警告框插件能够很容易的在警告框中插入图片、动画等元素,是替代原生消息警告框的最佳选择。 www.htmleaf.com/jQuery...  - 百度快照 - 评价 Sweet Alert - JS+CSS3实现动感弹窗提示框插件 - 站长素材', 'aaaaaa', '2015-06-24 20:12:39'),
(16, 'Sw框插件_jQuery之家-自由分享jQuery、...  2014年12月18日 - SweetAlert是一款使用纯js制作的消息警告框插件。这款消息警告框插件能够很容易的在警告框中插入图片、动画等元素,是替代原生消息警告框的最佳选择。 www.htmleaf.com/jQuery...  - 百度快照 - 评价 Sweet Alert - JS+CSS3实现动感弹窗提示框插件 - 站长素材', 'ggggg', '2015-06-24 20:12:41'),
(17, 'Sw框插件_jQuery之家-自由分享jQuery、...  2014年12月18日 - SweetAlert是一款使用纯js制作的消息警告框插件。这款消息警告框插件能够很容易的在警告框中插入图片、动画等元素,是替代原生消息警告框的最佳选择。 www.htmleaf.com/jQuery...  - 百度快照 - 评价 Sweet Alert - JS+CSS3实现动感弹窗提示框插件 - 站长素材', 'ddddddddddddddddddddddd', '2015-06-24 20:12:43'),
(18, 'aaa', '2333', '2015-07-04 17:40:55'),
(19, 'aaa', '2333', '2015-07-04 17:42:07'),
(20, '芋儿鸡香喷喷', '2333', '2015-07-04 17:42:24'),
(21, '.', '22', '2015-07-04 20:08:23'),
(22, '嗯，', '哈', '2015-07-04 20:21:59'),
(23, '2', '3', '2015-07-05 09:31:12'),
(24, '1', '2', '2015-07-05 21:30:29'),
(25, '来', '234568945', '2015-07-06 09:35:47'),
(26, '小玉，你大爷', '120', '2015-07-28 11:23:28'),
(27, '小玉，你大爷', '110', '2015-07-28 11:23:36'),
(28, 'Tyyu', '110', '2015-07-28 11:35:04');

-- --------------------------------------------------------

--
-- 表的结构 `t_trade`
--

CREATE TABLE IF NOT EXISTS `t_trade` (
  `id` int(11) NOT NULL AUTO_INCREMENT,
  `artid` int(11) DEFAULT NULL,
  `userid` int(11) DEFAULT NULL COMMENT '购买者id',
  `recipient` varchar(255) DEFAULT NULL,
  `contact` varchar(255) DEFAULT NULL,
  `addr` varchar(255) DEFAULT NULL,
  `createtime` datetime DEFAULT NULL,
  `finishtime` datetime DEFAULT NULL,
  `state` int(11) DEFAULT '2' COMMENT '2交易中，3交易完成，4交易失败',
  PRIMARY KEY (`id`)
) ENGINE=InnoDB  DEFAULT CHARSET=utf8 AUTO_INCREMENT=122 ;

--
-- 转存表中的数据 `t_trade`
--

INSERT INTO `t_trade` (`id`, `artid`, `userid`, `recipient`, `contact`, `addr`, `createtime`, `finishtime`, `state`) VALUES
(1, 62, 701, '刘欢', '13688888888', '四川省成都市电子够级大学', '2015-06-24 19:36:13', NULL, 2),
(2, 69, 701, '刘欢', '13688888888', '四川省成都市电子够级大学', '2015-06-24 19:36:29', NULL, 2),
(3, 76, 701, '刘欢', '13688888888', '四川省成都市电子够级大学', '2015-06-24 19:36:39', NULL, 2),
(4, 82, 701, '刘欢', '13688888888', '四川省成都市电子够级大学', '2015-06-24 19:39:38', NULL, 2),
(5, 83, 701, '刘欢', '13688888888', '四川省成都市电子够级大学', '2015-06-24 19:39:50', NULL, 2),
(6, 90, 701, '刘欢', '13688888888', '四川省成都市电子够级大学', '2015-06-24 19:39:54', NULL, 2),
(7, 97, 701, '刘欢', '13688888888', '四川省成都市电子够级大学', '2015-06-24 19:39:58', NULL, 2),
(8, 104, 701, '刘欢', '13688888888', '四川省成都市电子够级大学', '2015-06-24 19:40:04', NULL, 2),
(9, 111, 701, '刘欢', '13688888888', '四川省成都市电子够级大学', '2015-06-24 19:40:08', NULL, 2),
(10, 61, 701, '刘欢', '13688888888', '四川省成都市电子够级大学', '2015-06-24 19:40:13', NULL, 4),
(11, 68, 701, '刘欢', '13688888888', '四川省成都市电子够级大学', '2015-06-24 19:40:18', NULL, 2),
(12, 69, 701, '刘欢', '1368888', '四川省成都市电子够级大学', '2015-06-24 19:40:21', '2015-06-24 21:11:13', 4),
(13, 61, 701, '梅亚敏', '13032873238', '学校', '2015-07-02 11:25:21', '2015-07-02 11:28:23', 3),
(14, 61, 701, '梅亚敏', '13032873238', '学校', '2015-07-02 11:28:33', NULL, 2),
(15, 61, 701, '梅亚敏', '13032873238', '学校', '2015-07-02 11:28:36', NULL, 2),
(16, 61, 701, '梅亚敏', '13032873238', '学校', '2015-07-02 11:28:41', NULL, 2),
(17, 61, 701, '梅亚敏', '13032873238', '学校', '2015-07-02 11:28:42', '2015-07-02 19:59:33', 3),
(18, 61, 701, '梅亚敏', '13032873238', '学校', '2015-07-02 11:28:43', '2015-07-02 20:15:58', 4),
(19, 61, 703, '梅亚敏', '13032873238', '四川成都', '2015-07-02 23:21:51', NULL, 2),
(20, 61, 703, '梅亚敏', '13032873238', '四川成都', '2015-07-02 23:22:35', NULL, 2),
(21, 61, 703, '梅亚敏', '13032873238', '四川成都', '2015-07-02 23:28:03', NULL, 2),
(22, 69, 703, 'smyhvae', '13032873238', 'sichuandhfewafwefweafwfwfwfwafwafwafwfwafwafwafwaefjjjjjjjjjjjjjjjjjjjjjjjjjjjjjioweadlfewaf;looooooooooooooooooooooooooooooooooooooooooooooooooooooooooooooooooooooooooooooooooooo', '2015-07-03 09:34:26', NULL, 2),
(23, 69, 703, 'smyhvae', '13032873238', 'sichuandhfewafwefweafwfwfwfwafwafwafwfwafwafwafwaefjjjjjjjjjjjjjjjjjjjjjjjjjjjjjioweadlfewaf;looooooooooooooooooooooooooooooooooooooooooooooooooooooooooooooooooooooooooooooooooooo', '2015-07-03 09:36:12', NULL, 4),
(24, 69, 701, '嗯', '嗯嗯', '啊', '2015-07-03 09:38:04', NULL, 4),
(25, 69, 701, '嗯', '额', '哈', '2015-07-03 10:06:21', NULL, 2),
(26, 69, 701, '嗯', '额', '哈', '2015-07-03 10:06:40', NULL, 4),
(27, 69, 701, '啊吧', '额', '嗯', '2015-07-03 10:10:37', NULL, 2),
(28, 69, 701, '啊吧', '额', '嗯', '2015-07-03 10:10:48', NULL, 4),
(29, 69, 701, '啊吧', '额', '嗯', '2015-07-03 10:15:48', NULL, 4),
(30, 69, 701, '和', '我', '搞', '2015-07-03 10:18:02', NULL, 2),
(31, 69, 701, '和', '我', '搞', '2015-07-03 10:18:03', '2015-07-03 10:37:27', 4),
(32, 69, 701, '鸡', '233', '啊', '2015-07-03 10:59:44', NULL, 2),
(33, 69, 701, '鸡', '233', '啊', '2015-07-03 10:59:44', NULL, 2),
(34, 69, 701, '鸡', '233', '啊', '2015-07-03 10:59:44', NULL, 2),
(35, 69, 701, '鸡', '233', '啊', '2015-07-03 10:59:44', NULL, 2),
(36, 69, 701, '鸡', '233', '啊', '2015-07-03 10:59:44', NULL, 2),
(37, 69, 701, '鸡', '233', '啊', '2015-07-03 10:59:44', NULL, 2),
(38, 69, 701, '鸡', '233', '啊', '2015-07-03 10:59:45', NULL, 2),
(39, 69, 701, '鸡', '233', '啊', '2015-07-03 10:59:45', NULL, 2),
(40, 69, 701, '鸡', '233', '啊', '2015-07-03 10:59:45', NULL, 2),
(41, 69, 701, '鸡', '233', '啊', '2015-07-03 10:59:45', NULL, 2),
(42, 69, 701, '鸡', '233', '啊', '2015-07-03 10:59:45', NULL, 2),
(43, 69, 701, '鸡', '233', '啊', '2015-07-03 10:59:45', NULL, 2),
(44, 69, 701, '鸡', '233', '啊', '2015-07-03 10:59:45', NULL, 2),
(45, 69, 701, '鸡', '233', '啊', '2015-07-03 10:59:46', NULL, 4),
(46, 69, 701, '额', '额', '哦', '2015-07-03 11:29:49', NULL, 2),
(47, 69, 701, '额', '额', '哦', '2015-07-03 11:29:52', NULL, 4),
(48, 69, 701, '啊', '啊', '啊，', '2015-07-03 11:32:32', NULL, 2),
(49, 69, 701, '啊', '啊', '啊，', '2015-07-03 11:32:34', NULL, 4),
(50, 69, 703, '111', '222', '333', '2015-07-03 13:50:29', NULL, 4),
(51, 69, 703, '111', '222', '333', '2015-07-03 13:51:24', NULL, 4),
(52, 69, 703, '111', '222', '3333', '2015-07-03 13:51:54', NULL, 4),
(53, 69, 703, '111', '222', '3333', '2015-07-03 13:53:43', NULL, 4),
(54, 69, 703, '11', '22', '33', '2015-07-03 13:54:23', NULL, 2),
(55, 69, 703, '33', '44', '55', '2015-07-03 13:54:31', NULL, 4),
(56, 69, 703, '11', '22', '33', '2015-07-03 13:56:28', NULL, 2),
(57, 69, 703, '22', '33', '44', '2015-07-03 13:56:35', NULL, 4),
(58, 69, 703, '11', '22', '33', '2015-07-03 13:59:15', NULL, 2),
(59, 69, 703, '22', '33', '44', '2015-07-03 13:59:31', NULL, 4),
(60, 69, 703, '22', '1', '222', '2015-07-03 15:46:51', NULL, 4),
(61, 69, 703, '1', '2', '3', '2015-07-03 16:20:29', NULL, 4),
(62, 69, 703, '1', '2', '3', '2015-07-03 16:20:58', NULL, 4),
(63, 69, 703, '23', '45', '67', '2015-07-03 16:47:06', NULL, 2),
(64, 75, 703, '1111', '2222', '3333', '2015-07-03 16:52:29', NULL, 2),
(65, 89, 703, '22', '33', '44', '2015-07-03 16:53:12', NULL, 4),
(66, 89, 703, '23333333', '33', '44', '2015-07-03 16:54:28', NULL, 4),
(67, 89, 703, '1', '2', '3', '2015-07-03 16:59:35', NULL, 2),
(68, 110, 701, '2', '3', '4', '2015-07-03 20:28:13', NULL, 2),
(69, 103, 703, '3', '4', '5', '2015-07-03 20:33:19', NULL, 2),
(70, 67, 701, '1', '2', '3', '2015-07-03 20:48:05', NULL, 2),
(71, 88, 703, '2', '3', '4', '2015-07-03 20:48:22', NULL, 2),
(72, 227, 701, '23', '3', '4', '2015-07-03 20:49:30', NULL, 2),
(73, 96, 703, '3', '4', '5', '2015-07-03 20:50:24', NULL, 2),
(74, 60, 703, '5', '6', '7', '2015-07-03 20:51:34', NULL, 2),
(75, 74, 703, '6', '7', '8', '2015-07-03 20:52:18', NULL, 2),
(76, 81, 703, '4', '56', '7', '2015-07-03 20:52:58', NULL, 2),
(77, 102, 701, '4', '5', '6', '2015-07-03 21:00:01', NULL, 2),
(78, 95, 701, '1', '2', '3', '2015-07-03 21:01:49', NULL, 2),
(79, 109, 701, '2', '3', '4', '2015-07-03 21:03:06', '2015-07-03 21:03:27', 3),
(80, 59, 703, '2', '3', '4', '2015-07-03 21:08:23', NULL, 2),
(81, 73, 703, '2', '3', '4', '2015-07-03 21:09:04', '2015-07-03 21:11:09', 3),
(82, 66, 703, '1', '23', '3', '2015-07-03 21:13:05', NULL, 2),
(83, 80, 702, '2', '3', '4', '2015-07-04 13:38:55', NULL, 2),
(84, 58, 701, '2', '3', '4', '2015-07-04 17:11:26', NULL, 2),
(85, 101, 701, '2', '3', '5', '2015-07-04 17:11:44', NULL, 2),
(86, 72, 705, 'ff', '5844', 'ff', '2015-07-04 20:04:46', NULL, 2),
(87, 87, 701, '2', '3', '5fewfwefwef', '2015-07-04 20:09:39', NULL, 2),
(88, 131, 705, '666', '666', '陌陌', '2015-07-04 20:17:33', NULL, 2),
(89, 65, 701, '啊', '啊', '啊', '2015-07-04 20:27:52', NULL, 2),
(90, 79, 820, '嗯', '啊', '嗯', '2015-07-04 20:43:21', '2015-07-04 21:01:18', 3),
(91, 132, 701, '1', '2', '3', '2015-07-05 21:38:54', NULL, 2),
(92, 62, 824, 'tang', '1003200651@qq.com', '湘潭', '2015-07-06 14:38:10', NULL, 2),
(93, 231, 701, '1', '2', '3', '2015-07-06 15:07:22', NULL, 2),
(94, 57, 820, '来', '12345678901', '沫沫', '2015-07-08 14:25:33', NULL, 2),
(95, 62, 705, '萌萌哒华仔', '就不告诉你', '还是不告诉你', '2015-07-08 15:18:30', NULL, 2),
(96, 62, 705, '萌萌哒华仔', '就不告诉你', '还是不告诉你', '2015-07-08 16:07:33', NULL, 2),
(97, 62, 705, '萌萌哒华仔', '就不告诉你', '还是不告诉你', '2015-07-08 16:07:39', NULL, 2),
(98, 62, 705, '萌萌哒华仔', '就不告诉你', '还是不告诉你', '2015-07-08 16:07:52', NULL, 2),
(99, 63, 705, '萌萌哒华仔', '就不告诉你', '还是不告诉你', '2015-07-08 16:08:49', NULL, 2),
(100, 21, 705, '萌萌哒华仔', '就不告诉你', '还是不告诉你', '2015-07-08 16:08:53', NULL, 2),
(101, 64, 705, '嘻哈', '123456789', '我家', '2015-07-09 23:17:41', NULL, 2),
(102, 71, 705, 'sdf', 'sdf', 'sdfsd', '2015-07-09 23:45:12', NULL, 2),
(103, 71, 824, 'sdf', 'sdf', 'sdfsd', '2015-07-09 23:45:30', NULL, 2),
(104, 71, 824, 'sdf', 'sdf', 'sdfsd', '2015-07-09 23:45:53', NULL, 2),
(105, 71, 824, 'sdf', 'sdf', 'sdfsd', '2015-07-09 23:45:54', NULL, 2),
(106, 153, 824, 'sdf', 'sdf', 'sdfsd', '2015-07-09 23:50:10', NULL, 2),
(107, 147, 824, 'asd', 'asd', 'asd', '2015-07-10 00:00:00', NULL, 2),
(108, 147, 824, 'asd', 'asd', 'asd', '2015-07-10 00:00:11', NULL, 2),
(109, 147, 824, 'hhh', 'hb', 'hobb', '2015-07-10 08:35:51', NULL, 2),
(110, 148, 824, 'Ruu', 'Ghh', 'Cobb', '2015-07-10 08:37:07', NULL, 2),
(111, 148, 824, 'Ruu', 'Ghh', 'Cobb', '2015-07-10 08:37:25', NULL, 2),
(112, 108, 820, '了', '122689667', '提陌陌look', '2015-07-13 12:14:08', NULL, 2),
(113, 237, 701, 'a', 'c', 'a', '2015-07-13 13:11:49', NULL, 2),
(114, 100, 701, '1', '23', '3', '2015-07-14 13:47:59', NULL, 2),
(115, 127, 705, '哦婆婆', '婆婆家', '亲', '2015-07-29 14:38:37', NULL, 2),
(116, 113, 824, 'asda', 'asd', 'asd', '2015-07-29 14:46:05', NULL, 2),
(117, 112, 824, 'Gjk', 'Ft', 'Yup', '2015-07-29 14:47:44', NULL, 2),
(118, 161, 824, 'Ty', 'Ty ', 'Gig', '2015-07-29 14:52:06', NULL, 2),
(119, 167, 824, 'Gig', 'Y hi h', 'Ty u', '2015-07-29 14:53:32', NULL, 2),
(120, 130, 705, '哦婆婆', '婆婆家', '亲', '2015-07-29 14:54:54', NULL, 2),
(121, 117, 824, 'The thigh', 'Cab', 'Cvs', '2015-07-29 15:10:09', NULL, 2);

-- --------------------------------------------------------

--
-- 表的结构 `t_treaty`
--

CREATE TABLE IF NOT EXISTS `t_treaty` (
  `id` int(11) unsigned NOT NULL AUTO_INCREMENT COMMENT '自动编号',
  `content` text,
  PRIMARY KEY (`id`)
) ENGINE=InnoDB  DEFAULT CHARSET=utf8 AUTO_INCREMENT=4 ;

--
-- 转存表中的数据 `t_treaty`
--

INSERT INTO `t_treaty` (`id`, `content`) VALUES
(3, '<p style="white-space: normal; text-align: center;"><br/></p><p style="white-space: normal; text-align: center;"><span style="text-decoration: none; color: rgb(255, 0, 0);"><strong>艺术品订购协议</strong></span></p><p style="white-space: normal;">我的地盘我做主，请遵循以下规则：</p><ol class=" list-paddingleft-2" style="width: 457.890625px; white-space: normal;"><li><p>bababalala</p></li><li><p>lalala</p></li><li><p>hdhhda</p></li><li><p>111</p></li></ol><p style="text-align: center;"><br/></p>');

-- --------------------------------------------------------

--
-- 表的结构 `t_user`
--

CREATE TABLE IF NOT EXISTS `t_user` (
  `id` int(11) NOT NULL AUTO_INCREMENT,
  `name` varchar(32) NOT NULL COMMENT '用户名',
  `pwd` varchar(64) DEFAULT NULL COMMENT '密码',
  `phone` varchar(16) NOT NULL COMMENT '手机号',
  `nickname` varchar(32) DEFAULT NULL COMMENT '昵称',
  `createtime` datetime DEFAULT NULL COMMENT '注册时间',
  `avatarurl` varchar(2048) DEFAULT NULL COMMENT '头像图片地址',
  `profile` text COMMENT '个人简介',
  `certifytypes` varchar(255) DEFAULT NULL COMMENT '认证类型，用|分隔',
  `certifytime` datetime DEFAULT NULL,
  `authkey` varchar(64) DEFAULT NULL COMMENT '登录验证key',
  PRIMARY KEY (`id`),
  UNIQUE KEY `name` (`name`) USING BTREE,
  UNIQUE KEY `phone` (`phone`)
) ENGINE=InnoDB  DEFAULT CHARSET=utf8 AUTO_INCREMENT=849 ;

--
-- 转存表中的数据 `t_user`
--

INSERT INTO `t_user` (`id`, `name`, `pwd`, `phone`, `nickname`, `createtime`, `avatarurl`, `profile`, `certifytypes`, `certifytime`, `authkey`) VALUES
(18, 'VBOL54888358', 'A6F7F0D6CD13058D40C1110F007E7F13', '18224233311', NULL, '2015-05-05 14:42:08', NULL, NULL, NULL, NULL, 'C5CC40609C396528F2EFE05B77B41B5A'),
(101, 'test101', 'e32dcc85cba7f69effc93ada9b81741c', '13699440001', '孟涛', '2015-04-10 19:53:07', '/upload/avatar/101.jpg', '孟涛（1963—）男，生于四川达州万源县。1987年入读四川美术学院中国画系本科。现为川音成都美术学院副教授，职业艺术家，长期定居成都浓园国际艺术画家村或北京。', '1，2', NULL, '738E498273E2322EBCF4F40899A2491D'),
(102, 'test102', 'e32dcc85cba7f69effc93ada9b81741c', '13699440002', '邱光平', '2015-04-10 19:53:13', '/upload/avatar/102.jpg', '邱光平，教授，1975年6月生于中国四川荣县，1996年毕业于四川美术学院。2006年毕业于四川大学艺术学院，获硕士学位。曾任教于四川音乐学院，现任教于四川大学锦城学院。', '', NULL, NULL),
(201, 'test201', 'e32dcc85cba7f69effc93ada9b81741c', '13699440003', '乐林', '2015-04-10 19:53:16', '/upload/avatar/201.jpg', '字植甫，号云巢、敬居，中国书协会员。师从白允叔、丁野庵学书法。个人作品及展览散见于法国、德国、意大利、美国等。', '', NULL, NULL),
(202, 'test202', 'e32dcc85cba7f69effc93ada9b81741c', '13699440004', '龙绪理', '2015-04-10 19:53:20', '/upload/avatar/default.png', '别名龙天翔。中国美术家协会会员，中国雕塑家协会会员。曾经临写篆隶书体，追忆古意；拖抹运笔，享受羲献行书的韵味；转划运笔体会颜、张、怀大草的力量和速度；倒笔描刷认识苏、黄、米体的意趣。', '', NULL, NULL),
(301, 'test301', 'e32dcc85cba7f69effc93ada9b81741c', '13699440005', '温原兴 ', '2015-04-10 19:53:24', '/upload/avatar/301.jpg', '号达耶，室名达耶斋。中国书法家协会会员，四川省书法家协会常务理事兼副秘书长及创作评审委员会委员，四川省书法家协会篆刻艺术委员会主任兼创作评审委员会委员。凉山州书法家协会主席，西昌市书法家协会副主席，西昌市总工会工人俱乐部副研究馆员。', '', NULL, NULL),
(302, 'test302', 'e32dcc85cba7f69effc93ada9b81741c', '13699440006', '陈楚', '2015-04-10 19:53:29', '/upload/avatar/302.jpg', '名治安，号借光斋主、梦寻斋主，1947年出生于四川唐昌，现定居都江堰，是中国当代著名的书法篆刻家。现任四川书法家协会篆刻委员会委员、中国民主建国会成都民建书画院院长、世界双遗产中国都江堰市书画院院长。', '', NULL, '7F6E01E7C1C46CCCF6ECE50878F69BF5'),
(401, 'test401', 'e32dcc85cba7f69effc93ada9b81741c', '13699440007', '高洪建', '2015-04-10 19:53:33', '/upload/avatar/401.jpg', '艺名洪健、耕夫仙吏。联合国生态合作组织艺委会研究员、中国文化部老艺术家书画院理事、中国思想政治工作科学委员会研究员、中国当代艺术家研究会会员、四川省政协第十届特邀委员、四川省政协书画研究院花鸟画专委会委员、四川省美术家协会会员、中视频道书画院西南分院常务副院长、四川兰亭诗书画院副院长、四川科学养生促进会书画院副院长。出版有多部个人画集，出席过多次国际性文化艺术交流活动，是中国著名实力派工笔画虎名家。', '', NULL, NULL),
(402, 'test402', 'e32dcc85cba7f69effc93ada9b81741c', '13699440008', '姚思敏', '2015-04-10 19:53:36', '/upload/avatar/402.jpg', '国家一级美术师。中国美术家协会会员，中国画学会常务理事、中国工笔画学会常务理事，四川省政协书画院副院长、四川省中国画学会，工笔画学会副会长、成都市美术家协会副主席,原成都画院副院长。', '', NULL, NULL),
(501, 'test501', 'e32dcc85cba7f69effc93ada9b81741c', '13699440009', '龙绪理', '2015-04-10 19:53:39', '/upload/avatar/default.png', '男，别名龙天翔，思创宜宾人，中国美术家协会会员，中国雕塑家协会会员，擅长雕塑。1965年毕业于四川美术学院雕塑系，后在甘肃省博物馆工作，副研究馆员。作品《非洲母亲》入选第三届全国美展，并被中国美术馆收藏。《故乡行》入选建党60周年全国美展，《神州气概》入选首届中国体育美展，《丝绸古道》获首届全国城市雕塑优秀作品奖，现树立于兰州黄河大桥桥头。曾参与《收租院》泥塑群雕原创作者之一。', '', NULL, NULL),
(502, 'test502', 'e32dcc85cba7f69effc93ada9b81741c', '13699440010', '朱尚熹', '2015-04-10 19:53:46', '/upload/avatar/default.png', '男，于1954年12月出生于四川达县，擅长雕塑。1982年中央工艺美术学院装饰雕塑专业毕业；在四川工艺美术研究所工作；1991年中央美术学院硕士；研究生毕业后在北京建筑艺术雕塑工厂研究室工作。作品《金牛》、《伴》参加全国城市雕塑设计方案展，《华夏力士》参加中国体育美术展，漆画《交流》参加中国漆画展，《徐洪刚》参加第八届全国美展。', '', NULL, NULL),
(601, 'test601', 'e10adc3949ba59abbe56e057f20f883e', '13699440011', '韦嘉', '2015-05-16 14:54:04', '/upload/avatar/default.png', '1975年出生于中国四川。1999年毕业于中央美术学院版画系，现任教于重庆四川美术学院版画系，中国当代青年艺术家之一。主要成就：国际版画双年展“优秀作品奖”、“年度成长艺术家奖”“廖修平版画基金奖”、北京国际版画双年展“金奖”、全国版画展“优秀作品奖”。', NULL, NULL, NULL),
(602, 'test602', 'e10adc3949ba59abbe56e057f20f883e', '13699440012', '冉珏', '2015-05-16 14:54:10', '/upload/avatar/default.png', '女，（1975-）四川宣汉。1998 年毕业于四川美术学院版画专业，1998 年至 2000 年就职于成都市图书馆，2003 年四川美术学院漆画研究生毕业，2003 年至今就职于西南民族大学艺术学院。1996 年版画作品《人物和风景》发表于《当代美术家》杂志；1998 年版画作品《风景》入选第十届全国版画展。', NULL, NULL, NULL),
(701, 'smyhvae', 'e10adc3949ba59abbe56e057f20f883e', '12345678901', 's生命壹号~', '2015-05-06 15:12:09', '/upload/avatar/2015-07/201507201039449278.png', '孟涛（1963—）男，生于四川达州万源县。1987年入读四川美术学院中国画系本科。现为川音成都美术学院副教授，职业艺术家，长期定居成都浓园国际艺术画家村或北京。孟涛（1963—）男，生于四川达州万源县。1987年入读四川美术学院中国画系本科。现为川音成都美术学院副教授，职业艺术家，长期定居成都浓园国际艺术画家村或北京。', '1,2', '2015-06-16 15:38:27', 'EE2983237B068A0C2DAF45D7FBCD80AC'),
(702, 'test702', 'e10adc3949ba59abbe56e057f20f883e', '12345678902', '', '2015-05-16 15:34:35', '/upload/avatar/2015-07/201507201928303423.png', NULL, '1,', '2015-07-09 23:37:16', '7CF4ECF53643A7965E19EFE5E2A8C43A'),
(703, 'test7055123', 'e10adc3949ba59abbe56e057f20f883e', '12345678996', 'weiwei', '2015-05-16 15:34:39', '/upload/avatar/703.jpg', NULL, '1', NULL, NULL),
(704, '1181022492', '25f9e794323b453885f5181f1b624d0b', '12345678904', 'tuxiaobai', '2015-05-16 15:34:42', '/upload/avatar/704.jpg', '我最牛逼', '1', NULL, NULL),
(705, 'test705', 'e10adc3949ba59abbe56e057f20f883e', '12345678905', '么么', '2015-05-16 15:34:45', '/upload/avatar/2015-07/201507131946114966.png', NULL, '1', NULL, NULL),
(706, 'test706', 'e10adc3949ba59abbe56e057f20f883e', '12345678906', 's生命陆号', '2015-05-16 15:34:48', '/upload/avatar/706.jpg', NULL, NULL, NULL, 'F76F8E06F565B449B24B0DE1D82A581B'),
(707, 'test707', 'e10adc3949ba59abbe56e057f20f883e', '12345678907', 's生命柒号', '2015-05-16 15:34:50', '/upload/avatar/707.jpg', NULL, NULL, NULL, 'EEE2B1E72B0A5B2B210A9298737CBD1B'),
(801, 'test801', 'e10adc3949ba59abbe56e057f20f883e', '12345678911', '刘一', '2015-05-16 16:06:05', '/upload/avatar/801.jpg', NULL, NULL, NULL, NULL),
(802, 'test802', 'e10adc3949ba59abbe56e057f20f883e', '12345678912', '黄二', '2015-05-16 16:06:08', '/upload/avatar/802.jpg', NULL, NULL, NULL, NULL),
(803, 'test803', 'e10adc3949ba59abbe56e057f20f883e', '12345678913', '张三', '2015-05-16 16:06:11', '/upload/avatar/803.jpg', NULL, NULL, NULL, NULL),
(804, 'test804', 'e10adc3949ba59abbe56e057f20f883e', '12345678914', '李四', '2015-05-16 16:06:14', '/upload/avatar/804.jpg', NULL, NULL, NULL, NULL),
(805, 'test805', 'e10adc3949ba59abbe56e057f20f883e', '12345678915', '王五', '2015-05-16 16:06:17', '/upload/avatar/805.jpg', NULL, NULL, NULL, NULL),
(806, 'test806', 'e10adc3949ba59abbe56e057f20f883e', '12345678916', '赵六', '2015-05-16 16:06:20', '/upload/avatar/806.jpg', NULL, NULL, NULL, NULL),
(807, 'test807', 'e10adc3949ba59abbe56e057f20f883e', '12345678917', '钱七', '2015-05-16 16:06:22', '/upload/avatar/807.jpg', NULL, NULL, NULL, NULL),
(808, 'test808', 'e10adc3949ba59abbe56e057f20f883e', '12345678918', '罗欢妍', '2015-05-16 19:09:58', '/upload/avatar/808.jpg', NULL, NULL, NULL, NULL),
(809, 'FLNG28267051', 'e10adc3949ba59abbe56e057f20f883e', '13232873238', NULL, '2015-05-19 10:28:56', NULL, NULL, NULL, NULL, NULL),
(810, 'OKXB63592400', '6db5e8b601b82cd6a2f75e68da2910d8', '18770039759', NULL, '2015-05-19 10:33:50', NULL, NULL, NULL, NULL, NULL),
(811, 'PQVN12523724', 'e10adc3949ba59abbe56e057f20f883e', '15928580431', '乙肝三部曲', '2015-05-19 10:34:11', '/upload/avatar/2015-07/201507261509545330.jpg', NULL, NULL, NULL, NULL),
(812, 'VMMG95507095', 'e10adc3949ba59abbe56e057f20f883e', '13132873238', NULL, '2015-05-19 10:39:14', NULL, NULL, NULL, NULL, 'DE02F4CB9BFB04C77939050C6F41CB4A'),
(813, 'GZCQ79837007', 'e10adc3949ba59abbe56e057f20f883e', '18770039758', NULL, '2015-05-19 10:42:16', NULL, NULL, NULL, NULL, NULL),
(814, 'YBIT34387017', '96e79218965eb72c92a549dd5a330112', '13540348754', NULL, '2015-05-19 11:00:51', NULL, NULL, NULL, NULL, NULL),
(815, 'BODB07469373', 'e10adc3949ba59abbe56e057f20f883e', '18782961855', NULL, '2015-05-19 11:03:40', NULL, NULL, NULL, NULL, '1BCE2BA0A5D0456769BB903F308471F1'),
(816, 'WEKQ20377110', 'e10adc3949ba59abbe56e057f20f883e', '15873277780', NULL, '2015-05-19 11:20:21', NULL, NULL, NULL, NULL, NULL),
(817, 'BOPC29926722', 'A6F7F0D6CD13058D40C1110F007E7F13', '12345678988', NULL, '2015-05-19 18:19:44', NULL, NULL, NULL, NULL, NULL),
(818, 'KMWD24266294', '687db8da19686d9cd712114c778453b0', '18523138284', NULL, '2015-05-20 10:54:07', NULL, NULL, NULL, NULL, NULL),
(819, 'FAFZ54385582', '21218cca77804d2ba1922c33e0151105', '18628383818', NULL, '2015-05-21 10:21:57', NULL, NULL, NULL, NULL, NULL),
(820, 'bug', '25f9e794323b453885f5181f1b624d0b', '12345678900', 'test', '2015-05-23 09:45:47', '/upload/avatar/2015-07/201507060852311794.png', '', '1,2,', '2015-07-04 20:50:22', NULL),
(821, 'abcdefg', 'e10adc3949ba59abbe56e057f20f883e', '15928580432', NULL, '2015-06-01 15:46:11', NULL, NULL, NULL, NULL, NULL),
(822, 'GFCL11683150', 'e10adc3949ba59abbe56e057f20f883e', '15928580433', NULL, '2015-06-01 15:54:12', NULL, NULL, NULL, NULL, '6D3C7E7A6032C4D60EED08B85DF21424'),
(823, 'IUDQ64033548', 'e10adc3949ba59abbe56e057f20f883e', '15928590434', NULL, '2015-06-01 15:56:15', NULL, NULL, NULL, NULL, NULL),
(824, 'Uyyioph', 'fcea920f7412b5da7be0cf42b8c93759', '15928580434', 'Policemy', '2015-06-01 16:07:34', '/upload/avatar/2015-07/201507261508332483.jpg', '我萌萌哒，我棒棒哒！', NULL, NULL, 'BBF85A550FF026E8565ADF8C85B49A8A'),
(825, 'PSYT26476142', '14e1b600b1fd579f47433b88e8d85291', '15928580435', NULL, '2015-06-01 16:48:17', NULL, NULL, NULL, NULL, NULL),
(826, 'JSDT84847784', '14e1b600b1fd579f47433b88e8d85291', '15928580436', NULL, '2015-06-01 16:51:22', NULL, NULL, NULL, NULL, NULL),
(827, 'VRKB18902687', 'e10adc3949ba59abbe56e057f20f883e', '12345678921', NULL, '2015-06-06 13:32:07', NULL, NULL, NULL, NULL, NULL),
(828, 'CIZV80108483', '22e22eb4fb15c9fb2095cff10ccddb8f', '18603592260', NULL, '2015-06-16 09:14:48', NULL, NULL, NULL, NULL, NULL),
(829, 'VRPT46757727', 'e10adc3949ba59abbe56e057f20f883e', '18603592261', '123', '2015-06-16 09:38:15', '/upload/avatar/703.jpg', 'haha', NULL, NULL, 'C0EC3F2DC1A34FFF87AA1CDC333DB3B0'),
(830, 'LHBN28378124', 'e10adc3949ba59abbe56e057f20f883e', '18603592262', NULL, '2015-06-16 09:40:25', NULL, NULL, NULL, NULL, NULL),
(831, 'NJGU55715879', 'e10adc3949ba59abbe56e057f20f883e', '12345678999', NULL, '2015-06-16 09:43:59', NULL, NULL, NULL, NULL, NULL),
(832, 'EKCI23915228', 'e10adc3949ba59abbe56e057f20f883e', '12345678998', NULL, '2015-06-16 09:46:43', NULL, NULL, NULL, NULL, NULL),
(833, 'LFXV70488698', '14e1b600b1fd579f47433b88e8d85291', '15928580439', NULL, '2015-06-16 10:00:51', NULL, NULL, NULL, NULL, NULL),
(834, 'XJOU89114720', '14e1b600b1fd579f47433b88e8d85291', '15928580438', NULL, '2015-06-16 10:16:47', NULL, NULL, NULL, NULL, NULL),
(835, 'SJWW14140157', '4a7d1ed414474e4033ac29ccb8653d9b', '18215548407', NULL, '2015-06-23 17:17:26', NULL, NULL, NULL, NULL, NULL),
(836, 'liangaaabbbccc', 'e10adc3949ba59abbe56e057f20f883e', '18603592263', '范德萨', '2015-06-29 14:31:23', NULL, '三大个哥哥哥哥哥哥哥哥', '1,', '2015-06-30 20:30:52', '10152E4C0597CA48030259CF54A43965'),
(837, 'xiaoyu', '348f10f863b27ec106195c96e23dcd91', '18782961851', NULL, '2015-07-02 21:09:09', NULL, NULL, NULL, NULL, 'E7E2361BB4E7FC6AF024A2383F927B2C'),
(838, 'xiaoyu1', '348f10f863b27ec106195c96e23dcd91', '18782961852', NULL, '2015-07-02 21:58:28', NULL, NULL, ',', '2015-07-03 16:35:41', '5E29A449FA3C691C03D0526CD52680C6'),
(839, 'JOJL49524093', 'e10adc3949ba59abbe56e057f20f883e', '13032873230', NULL, '2015-07-05 18:01:22', NULL, NULL, NULL, NULL, NULL),
(840, 'VLLA60480372', 'e10adc3949ba59abbe56e057f20f883e', '12345678997', '123456789', '2015-07-06 18:58:55', '/upload/avatar/2015-07/201507061904436466.png', NULL, NULL, NULL, NULL),
(841, 'weiwei', 'e10adc3949ba59abbe56e057f20f883e', '18224444563', '维维豆奶', '2015-07-06 19:39:13', '/upload/avatar/2015-07/201507071414286777.png', NULL, NULL, NULL, 'AB50D9213101F57670DAA55E2D29AE0E'),
(843, 'RLWJ17290029', 'e10adc3949ba59abbe56e057f20f883e', '18828092272', NULL, '2015-07-13 12:49:10', '/upload/avatar/2015-07/201507131249422347.png', NULL, NULL, NULL, 'F9337EF1932221A0F6F08EDE0E814D17'),
(844, 'younger', '512d113c9aec59f8c374c5dbac0db369', '18071078860', 'frodo', '2015-07-13 19:36:05', NULL, NULL, NULL, NULL, '907283309277CF71C649F89D194742AA'),
(845, 'XWBX84231985', 'fcea920f7412b5da7be0cf42b8c93759', '13032873238', 'Yui', '2015-07-14 13:03:00', NULL, NULL, NULL, NULL, '20C83218B8D2E53A606D314952BD50DA'),
(846, 'FHTI47729026', 'e10adc3949ba59abbe56e057f20f883e', '12345678903', NULL, '2015-07-20 19:18:10', NULL, NULL, NULL, NULL, NULL),
(847, 'LFYB66373077', 'e10adc3949ba59abbe56e057f20f883e', '18030419850', NULL, '2015-07-24 11:53:31', NULL, NULL, NULL, NULL, '03C3126AAF25E0F2D25DF498CB07A9D4'),
(848, 'ZHVR38693466', 'e10adc3949ba59abbe56e057f20f883e', '18030419853', NULL, '2015-07-31 11:14:07', NULL, NULL, NULL, NULL, NULL);

-- --------------------------------------------------------

--
-- 表的结构 `t_video`
--

CREATE TABLE IF NOT EXISTS `t_video` (
  `id` int(11) NOT NULL AUTO_INCREMENT,
  `typeid` int(11) DEFAULT NULL,
  `title` varchar(255) DEFAULT NULL,
  `userid` int(11) DEFAULT NULL,
  `videourl` varchar(2048) DEFAULT NULL,
  `picurl` varchar(2048) DEFAULT NULL,
  `createtime` datetime DEFAULT NULL,
  `click` int(11) DEFAULT '0',
  `share` int(11) NOT NULL DEFAULT '0' COMMENT '分享次数',
  `description` text,
  PRIMARY KEY (`id`)
) ENGINE=InnoDB  DEFAULT CHARSET=utf8 AUTO_INCREMENT=60 ;

--
-- 转存表中的数据 `t_video`
--

INSERT INTO `t_video` (`id`, `typeid`, `title`, `userid`, `videourl`, `picurl`, `createtime`, `click`, `share`, `description`) VALUES
(1, 4, '《天空之城》【风雅】洞箫试音', 705, 'http://art.uestcbmi.com/upload/video/0201.mp4', '/upload/image/2015-05/201505161351519318.png', '2015-05-16 19:51:04', 17019, 1, '《天空之城》【风雅】洞箫试音，嘿嘿'),
(3, 2, '多彩电科院，梅亚敏独创作品', 701, 'http://art.uestcbmi.com/upload/video/0209.mp4', '/upload/image/2015-05/201505190637502379.jpg', '2015-05-03 15:36:52', 40006, 1, '多彩电科院，梅亚敏独创作品'),
(4, 2, '华s为', 801, 'http://art.uestcbmi.com/upload/video/0203.mp4', '/upload/image/2015-05/201505190643284480.jpg', '2015-05-03 16:55:51', 3002, 1, 'xx'),
(17, 2, '小s米11', 801, 'http://art.uestcbmi.com/upload/video/0103.mp4', '/upload/image/2015-05/201505051150204884.jpg', '2015-05-04 20:04:01', 90008, 0, 'xxx'),
(20, 1, '生命壹号的视频01，你们都别动', 701, 'http://art.uestcbmi.com/upload/video/0205.mp4', '/upload/image/2015-05/201505190731478734.jpg', '2015-05-19 13:31:47', 4768, 23, '腾讯宣传片—最'),
(22, 5, '再一s次为平凡人喝彩', 803, 'http://art.uestcbmi.com/upload/video/0205.mp4', '/upload/image/2015-05/201505190655238214.jpg', '2015-05-19 12:55:24', 3004, 0, '再一次为平凡人喝彩啦'),
(27, 1, '孟涛油画风景写生', 101, 'http://art.uestcbmi.com/upload/video/0101.mp4', '/upload/image/2015-05/201505190635432847.jpg', '2015-05-04 20:00:50', 1401, 1, '党的十八届四中全会提出探索建立检察机关提起公益诉讼制度，目的是充分发挥检察机关法律监督职能作用，促进依法行政、严格执法，维护宪法法律权威，维护社会公平正义，维护国家和社会公共利益。要牢牢抓住公益这个核心'),
(30, 1, '腾讯宣传片', 802, 'http://art.uestcbmi.com/upload/video/0104.mp4', '/upload/image/2015-07/201507080910107596.png', '2015-05-04 20:08:56', 1008, 2, 'xxx'),
(32, 1, '三峡大学风光片', 803, 'http://art.uestcbmi.com/upload/video/0105.mp4', '/upload/image/2015-05/201505110436521528.jpg', '2015-05-11 10:36:52', 15339, 3, 'few'),
(34, 1, '史诗电影大混剪 震撼中的震撼_高清', 804, 'http://art.uestcbmi.com/upload/video/0106.mp4', '/upload/image/2015-05/201505181550007242.jpg', '2015-05-11 12:17:23', 3004, 2, 'fewfweafw'),
(36, 1, '三峡大学风光片', 805, 'http://art.uestcbmi.com/upload/video/0105.mp4', '/upload/image/2015-05/201505161324571886.jpg', '2015-05-16 19:24:58', 4124, 11, 'fewafeae'),
(37, 1, '史诗电影大混剪 震撼中的震撼_高清', NULL, 'http://art.uestcbmi.com/upload/video/0106.mp4', '/upload/image/2015-05/201505161326088999.jpg', '2015-05-16 19:26:09', 300, 0, '油画视频测试6啊哈哈哈'),
(38, 1, '洞箫s-宿敌', 705, 'http://art.uestcbmi.com/upload/video/0107.mp4', '/upload/image/2015-05/201505161347107235.jpg', '2015-05-16 19:47:10', 9727, 22, '洞箫-宿敌。。。'),
(40, 4, '陶笛大师宗次郎-故乡的原风景_标清', 702, 'http://art.uestcbmi.com/upload/video/0202.mp4', '/upload/image/2015-05/201505161357348739.jpg', '2015-05-16 19:57:34', 2538, 1, '陶笛大师宗次郎-故乡的原风景_标清'),
(41, 3, '作品', 101, 'http://art.uestcbmi.com/upload/video/0101.mp4', '/upload/image/2015-05/201505190647229247.jpg', '2015-05-19 12:47:22', 10002, 0, '。。。'),
(42, 3, '延时拍摄', 703, 'http://art.uestcbmi.com/upload/video/0204.mp4', '/upload/image/2015-05/201505190648446173.jpg', '2015-05-19 12:48:44', 9012, 1, '范围'),
(43, 5, '延时拍摄', 704, 'http://art.uestcbmi.com/upload/video/0204.mp4', '/upload/image/2015-05/201505190653088499.jpg', '2015-05-19 12:53:09', 1003, 0, '恩恩'),
(45, 6, '音乐人李宗盛诠释工匠精神 致匠心', 805, 'http://art.uestcbmi.com/upload/video/0206.mp4', '/upload/image/2015-05/201505190702332398.jpg', '2015-05-19 13:02:34', 2005, 0, '音乐人李宗盛诠释工匠精神 致匠心la '),
(46, 6, '《逆世界》 预告片 上映_高清', 806, 'http://art.uestcbmi.com/upload/video/0207.mp4', '/upload/image/2015-05/201505190703296756.jpg', '2015-05-19 13:03:29', 12041, 1, '《逆世界》 预告片 '),
(47, 2, '音乐人李宗盛诠释工匠精神 致匠心', 807, 'http://art.uestcbmi.com/upload/video/0206.mp4', '/upload/image/2015-05/201505190708352843.jpg', '2015-05-19 13:08:36', 1003, 36, '音乐人李宗盛诠释工匠精神 致匠心ne '),
(48, 2, '《逆世界》 预告片 上映_高清', 706, 'http://art.uestcbmi.com/upload/video/0207.mp4', '/upload/image/2015-05/201505190710286385.jpg', '2015-05-19 13:10:29', 80007, 0, '《逆世界》 预告片 上映_高清v'),
(49, 2, '三峡大学计算机与信息学院宣传片 高清', 705, 'http://art.uestcbmi.com/upload/video/0208.mp4', '/upload/image/2015-05/201505190712146727.jpg', '2015-05-19 13:12:15', 17, 1, '三峡大学计算机与信息学院宣传片 高清'),
(51, 1, '测试使用啊（视频）', 837, 'http://art.uestcbmi.com/upload/video/毛宁杨钰莹甜蜜献唱[超清版].mp4', '12123', '2015-07-03 18:47:13', 14, 8, '啊啊大'),
(55, 0, NULL, 0, '112.jpg', NULL, NULL, 0, 0, NULL),
(57, 1, '小玉测试', 101, 'http://localhost/upload/video/20150807102310.mp4', '/upload/image/2015-07/201507170745378862.png', '2015-07-17 00:03:37', 185, 2, '大大'),
(58, 1, 'a', 843, NULL, '/upload/image/2015-07/201507200938051621.jpg', '2015-07-20 09:38:05', 0, 0, 'a'),
(59, 1, 'a', 843, NULL, '/upload/image/2015-07/201507200939148219.jpg', '2015-07-20 09:39:14', 0, 0, 'a');

-- --------------------------------------------------------

--
-- 替换视图以便查看 `v_art`
--
CREATE TABLE IF NOT EXISTS `v_art` (
`id` int(11)
,`typeid` int(11)
,`title` varchar(255)
,`userid` int(11)
,`content` text
,`createtime` datetime
,`click` int(11)
,`share` int(11)
,`tradestate` int(11)
,`tradedes` text
,`groupid` int(11)
,`imgcnt` bigint(21)
,`commentcnt` bigint(21)
,`favorcnt` bigint(21)
,`username` varchar(32)
,`usernickname` varchar(32)
,`useravatarurl` text
);
-- --------------------------------------------------------

--
-- 替换视图以便查看 `v_artgroup`
--
CREATE TABLE IF NOT EXISTS `v_artgroup` (
`id` int(11)
,`userid` int(11)
,`name` varchar(255)
,`des` text
,`createtime` datetime
,`username` varchar(32)
,`usernickname` varchar(32)
,`useravatarurl` text
,`artcnt` bigint(21)
);
-- --------------------------------------------------------

--
-- 替换视图以便查看 `v_arttype`
--
CREATE TABLE IF NOT EXISTS `v_arttype` (
`id` int(11)
,`name` varchar(255)
,`description_cn` varchar(255)
,`description_en` varchar(255)
,`picurl` varchar(2048)
,`videotitle` varchar(255)
,`artcnt` bigint(21)
,`videocnt` bigint(21)
);
-- --------------------------------------------------------

--
-- 替换视图以便查看 `v_comment`
--
CREATE TABLE IF NOT EXISTS `v_comment` (
`id` int(11)
,`typeid` int(11)
,`userid` int(11)
,`replyuserid` int(11)
,`targetid` int(11)
,`fatherid` int(11)
,`content` text
,`createtime` datetime
,`valid` tinyint(1)
,`isread` tinyint(1)
,`username` varchar(32)
,`usernickname` varchar(32)
,`useravatarurl` text
,`replyusername` varchar(32)
,`replynickname` varchar(32)
,`replyavatarurl` text
,`targetusername` varchar(32)
,`targetnickname` varchar(32)
,`targetavatarurl` text
,`fatherusername` varchar(32)
,`fathernickname` varchar(32)
,`fatheravatarurl` text
);
-- --------------------------------------------------------

--
-- 替换视图以便查看 `v_page`
--
CREATE TABLE IF NOT EXISTS `v_page` (
`id` int(11)
,`title` varchar(255)
,`userid` int(11)
,`content` text
,`createtime` datetime
,`updatetime` datetime
,`click` int(11)
,`share` int(11)
,`username` varchar(32)
,`usernickname` varchar(32)
,`useravatarurl` text
,`commentcnt` bigint(21)
,`favorcnt` bigint(21)
);
-- --------------------------------------------------------

--
-- 替换视图以便查看 `v_trade`
--
CREATE TABLE IF NOT EXISTS `v_trade` (
`id` int(11)
,`artid` int(11)
,`userid` int(11)
,`recipient` varchar(255)
,`contact` varchar(255)
,`addr` varchar(255)
,`createtime` datetime
,`finishtime` datetime
,`state` int(11)
,`tradedes` text
);
-- --------------------------------------------------------

--
-- 替换视图以便查看 `v_user`
--
CREATE TABLE IF NOT EXISTS `v_user` (
`id` int(11)
,`name` varchar(32)
,`pwd` varchar(64)
,`phone` varchar(16)
,`nickname` varchar(32)
,`createtime` datetime
,`avatarurl` varchar(2048)
,`profile` text
,`certifytypes` varchar(255)
,`certifytime` datetime
,`authkey` varchar(64)
,`follow` bigint(21)
,`fans` bigint(21)
,`favor` bigint(21)
,`favorvideo` bigint(21)
,`favorart` bigint(21)
,`favorpage` bigint(21)
,`reply` bigint(21)
);
-- --------------------------------------------------------

--
-- 替换视图以便查看 `v_video`
--
CREATE TABLE IF NOT EXISTS `v_video` (
`id` int(11)
,`typeid` int(11)
,`title` varchar(255)
,`userid` int(11)
,`videourl` varchar(2048)
,`picurl` varchar(2048)
,`createtime` datetime
,`click` int(11)
,`share` int(11)
,`description` text
,`username` varchar(32)
,`usernickname` varchar(32)
,`useravatarurl` text
,`commentcnt` bigint(21)
,`favorcnt` bigint(21)
);
-- --------------------------------------------------------

--
-- 视图结构 `v_art`
--
DROP TABLE IF EXISTS `v_art`;

CREATE ALGORITHM=UNDEFINED DEFINER=`bmiadmin`@`%` SQL SECURITY DEFINER VIEW `v_art` AS select `t_art`.`id` AS `id`,`t_art`.`typeid` AS `typeid`,`t_art`.`title` AS `title`,`t_art`.`userid` AS `userid`,`t_art`.`content` AS `content`,`t_art`.`createtime` AS `createtime`,`t_art`.`click` AS `click`,`t_art`.`share` AS `share`,`t_art`.`tradestate` AS `tradestate`,`t_art`.`tradedes` AS `tradedes`,`t_art`.`groupid` AS `groupid`,(select count(`t_artimg`.`id`) from `t_artimg` where (`t_artimg`.`artid` = `t_art`.`id`)) AS `imgcnt`,(select count(`t_comment`.`id`) from `t_comment` where ((`t_comment`.`typeid` = 2) and (`t_comment`.`targetid` = `t_art`.`id`))) AS `commentcnt`,(select count(`t_favor`.`id`) from `t_favor` where ((`t_favor`.`typeid` = 2) and (`t_favor`.`targetid` = `t_art`.`id`))) AS `favorcnt`,(select `t_user`.`name` from `t_user` where (`t_user`.`id` = `t_art`.`userid`)) AS `username`,(select `t_user`.`nickname` from `t_user` where (`t_user`.`id` = `t_art`.`userid`)) AS `usernickname`,(select `t_user`.`avatarurl` from `t_user` where (`t_user`.`id` = `t_art`.`userid`)) AS `useravatarurl` from `t_art`;

-- --------------------------------------------------------

--
-- 视图结构 `v_artgroup`
--
DROP TABLE IF EXISTS `v_artgroup`;

CREATE ALGORITHM=UNDEFINED DEFINER=`bmiadmin`@`%` SQL SECURITY DEFINER VIEW `v_artgroup` AS select `t_artgroup`.`id` AS `id`,`t_artgroup`.`userid` AS `userid`,`t_artgroup`.`name` AS `name`,`t_artgroup`.`des` AS `des`,`t_artgroup`.`createtime` AS `createtime`,(select `t_user`.`name` from `t_user` where (`t_user`.`id` = `t_artgroup`.`userid`)) AS `username`,(select `t_user`.`nickname` from `t_user` where (`t_user`.`id` = `t_artgroup`.`userid`)) AS `usernickname`,(select `t_user`.`avatarurl` from `t_user` where (`t_user`.`id` = `t_artgroup`.`userid`)) AS `useravatarurl`,(select count(`t_art`.`id`) from `t_art` where (`t_art`.`groupid` = `t_artgroup`.`id`)) AS `artcnt` from `t_artgroup`;

-- --------------------------------------------------------

--
-- 视图结构 `v_arttype`
--
DROP TABLE IF EXISTS `v_arttype`;

CREATE ALGORITHM=UNDEFINED DEFINER=`root`@`localhost` SQL SECURITY DEFINER VIEW `v_arttype` AS select `t_arttype`.`id` AS `id`,`t_arttype`.`name` AS `name`,`t_arttype`.`description_cn` AS `description_cn`,`t_arttype`.`description_en` AS `description_en`,`t_arttype`.`picurl` AS `picurl`,`t_arttype`.`videotitle` AS `videotitle`,(select count(`t_art`.`id`) from `t_art` where (`t_art`.`typeid` = `t_arttype`.`id`)) AS `artcnt`,(select count(`t_video`.`id`) from `t_video` where (`t_video`.`typeid` = `t_arttype`.`id`)) AS `videocnt` from `t_arttype`;

-- --------------------------------------------------------

--
-- 视图结构 `v_comment`
--
DROP TABLE IF EXISTS `v_comment`;

CREATE ALGORITHM=UNDEFINED DEFINER=`bmiadmin`@`%` SQL SECURITY DEFINER VIEW `v_comment` AS select `t_comment`.`id` AS `id`,`t_comment`.`typeid` AS `typeid`,`t_comment`.`userid` AS `userid`,`t_comment`.`replyuserid` AS `replyuserid`,`t_comment`.`targetid` AS `targetid`,`t_comment`.`fatherid` AS `fatherid`,`t_comment`.`content` AS `content`,`t_comment`.`createtime` AS `createtime`,`t_comment`.`valid` AS `valid`,`t_comment`.`isread` AS `isread`,(select `t_user`.`name` from `t_user` where (`t_user`.`id` = `t_comment`.`userid`)) AS `username`,(select `t_user`.`nickname` from `t_user` where (`t_user`.`id` = `t_comment`.`userid`)) AS `usernickname`,(select `t_user`.`avatarurl` from `t_user` where (`t_user`.`id` = `t_comment`.`userid`)) AS `useravatarurl`,(select `t_user`.`name` from `t_user` where (`t_user`.`id` = `t_comment`.`replyuserid`)) AS `replyusername`,(select `t_user`.`nickname` from `t_user` where (`t_user`.`id` = `t_comment`.`replyuserid`)) AS `replynickname`,(select `t_user`.`avatarurl` from `t_user` where (`t_user`.`id` = `t_comment`.`replyuserid`)) AS `replyavatarurl`,(select `t_user`.`name` from `t_user` where (`t_user`.`id` = `t_comment`.`targetid`)) AS `targetusername`,(select `t_user`.`nickname` from `t_user` where (`t_user`.`id` = `t_comment`.`targetid`)) AS `targetnickname`,(select `t_user`.`avatarurl` from `t_user` where (`t_user`.`id` = `t_comment`.`targetid`)) AS `targetavatarurl`,(select `t_user`.`name` from `t_user` where (`t_user`.`id` = `t_comment`.`fatherid`)) AS `fatherusername`,(select `t_user`.`nickname` from `t_user` where (`t_user`.`id` = `t_comment`.`fatherid`)) AS `fathernickname`,(select `t_user`.`avatarurl` from `t_user` where (`t_user`.`id` = `t_comment`.`fatherid`)) AS `fatheravatarurl` from `t_comment`;

-- --------------------------------------------------------

--
-- 视图结构 `v_page`
--
DROP TABLE IF EXISTS `v_page`;

CREATE ALGORITHM=UNDEFINED DEFINER=`bmiadmin`@`%` SQL SECURITY DEFINER VIEW `v_page` AS select `t_page`.`id` AS `id`,`t_page`.`title` AS `title`,`t_page`.`userid` AS `userid`,`t_page`.`content` AS `content`,`t_page`.`createtime` AS `createtime`,`t_page`.`updatetime` AS `updatetime`,`t_page`.`click` AS `click`,`t_page`.`share` AS `share`,(select `t_user`.`name` from `t_user` where (`t_user`.`id` = `t_page`.`userid`)) AS `username`,(select `t_user`.`nickname` from `t_user` where (`t_user`.`id` = `t_page`.`userid`)) AS `usernickname`,(select `t_user`.`avatarurl` from `t_user` where (`t_user`.`id` = `t_page`.`userid`)) AS `useravatarurl`,(select count(`t_comment`.`id`) from `t_comment` where ((`t_comment`.`typeid` = 3) and (`t_comment`.`targetid` = `t_page`.`id`))) AS `commentcnt`,(select count(`t_favor`.`id`) from `t_favor` where ((`t_favor`.`typeid` = 3) and (`t_favor`.`targetid` = `t_page`.`id`))) AS `favorcnt` from `t_page`;

-- --------------------------------------------------------

--
-- 视图结构 `v_trade`
--
DROP TABLE IF EXISTS `v_trade`;

CREATE ALGORITHM=UNDEFINED DEFINER=`bmiadmin`@`%` SQL SECURITY DEFINER VIEW `v_trade` AS select `t_trade`.`id` AS `id`,`t_trade`.`artid` AS `artid`,`t_trade`.`userid` AS `userid`,`t_trade`.`recipient` AS `recipient`,`t_trade`.`contact` AS `contact`,`t_trade`.`addr` AS `addr`,`t_trade`.`createtime` AS `createtime`,`t_trade`.`finishtime` AS `finishtime`,`t_trade`.`state` AS `state`,(select `t_art`.`tradedes` from `t_art` where (`t_art`.`id` = `t_trade`.`artid`)) AS `tradedes` from `t_trade`;

-- --------------------------------------------------------

--
-- 视图结构 `v_user`
--
DROP TABLE IF EXISTS `v_user`;

CREATE ALGORITHM=UNDEFINED DEFINER=`bmiadmin`@`%` SQL SECURITY DEFINER VIEW `v_user` AS select `t_user`.`id` AS `id`,`t_user`.`name` AS `name`,`t_user`.`pwd` AS `pwd`,`t_user`.`phone` AS `phone`,`t_user`.`nickname` AS `nickname`,`t_user`.`createtime` AS `createtime`,`t_user`.`avatarurl` AS `avatarurl`,`t_user`.`profile` AS `profile`,`t_user`.`certifytypes` AS `certifytypes`,`t_user`.`certifytime` AS `certifytime`,`t_user`.`authkey` AS `authkey`,(select count(`t_follow`.`id`) from `t_follow` where (`t_follow`.`userid` = `t_user`.`id`)) AS `follow`,(select count(`t_follow`.`id`) from `t_follow` where (`t_follow`.`targetid` = `t_user`.`id`)) AS `fans`,(select count(`t_favor`.`id`) from `t_favor` where (`t_favor`.`userid` = `t_user`.`id`)) AS `favor`,(select count(`t_favor`.`id`) from `t_favor` where ((`t_favor`.`userid` = `t_user`.`id`) and (`t_favor`.`typeid` = 1))) AS `favorvideo`,(select count(`t_favor`.`id`) from `t_favor` where ((`t_favor`.`userid` = `t_user`.`id`) and (`t_favor`.`typeid` = 2))) AS `favorart`,(select count(`t_favor`.`id`) from `t_favor` where ((`t_favor`.`userid` = `t_user`.`id`) and (`t_favor`.`typeid` = 3))) AS `favorpage`,(select count(`t_comment`.`id`) from `t_comment` where (`t_comment`.`replyuserid` = `t_user`.`id`)) AS `reply` from `t_user`;

-- --------------------------------------------------------

--
-- 视图结构 `v_video`
--
DROP TABLE IF EXISTS `v_video`;

CREATE ALGORITHM=UNDEFINED DEFINER=`bmiadmin`@`%` SQL SECURITY DEFINER VIEW `v_video` AS select `t_video`.`id` AS `id`,`t_video`.`typeid` AS `typeid`,`t_video`.`title` AS `title`,`t_video`.`userid` AS `userid`,`t_video`.`videourl` AS `videourl`,`t_video`.`picurl` AS `picurl`,`t_video`.`createtime` AS `createtime`,`t_video`.`click` AS `click`,`t_video`.`share` AS `share`,`t_video`.`description` AS `description`,(select `t_user`.`name` from `t_user` where (`t_user`.`id` = `t_video`.`userid`)) AS `username`,(select `t_user`.`nickname` from `t_user` where (`t_user`.`id` = `t_video`.`userid`)) AS `usernickname`,(select `t_user`.`avatarurl` from `t_user` where (`t_user`.`id` = `t_video`.`userid`)) AS `useravatarurl`,(select count(`t_comment`.`id`) from `t_comment` where ((`t_comment`.`typeid` = 1) and (`t_comment`.`targetid` = `t_video`.`id`))) AS `commentcnt`,(select count(`t_favor`.`id`) from `t_favor` where ((`t_favor`.`typeid` = 1) and (`t_favor`.`targetid` = `t_video`.`id`))) AS `favorcnt` from `t_video`;

/*!40101 SET CHARACTER_SET_CLIENT=@OLD_CHARACTER_SET_CLIENT */;
/*!40101 SET CHARACTER_SET_RESULTS=@OLD_CHARACTER_SET_RESULTS */;
/*!40101 SET COLLATION_CONNECTION=@OLD_COLLATION_CONNECTION */;
